cholix_A_mutoutside_7	LNILNDCQTTCTLSPSPGNPVTLSLSVDSNQKLTEGYLHFGVIVDHPASGTATLTLNNHVKVNVTNYYVNNDAPFGVIDVSVTTQEGTKTYSKPLLTAQYRFQTIVAIGEGSPAFIKVGVIQLNGSNEATEVPTIYAVPVPCQQLKSFKTTGTISVDVSTAGSGITLKYPHIMYKPTDPTGSNEIKWSGDTEGWIFGLFISNPKNYTNTTLRKVAGNPQVITLKSGNADRPIELRIPDTNGNGLATMSASIICGVPISALLPRCTPIPLTKPLECARKAKEIVDLFLATRILMSDWQKLFDNQTQDLTPEQRALYQQLLEMEKEYPGLVEQVIRVARALYLQYRQRHPGLSDEELDEGASRADILCLDCQDALAPCVCVNPEDSLLFPAGPKGRSYLPINRSKITKYGVQNFTLAEYKAIVDQLKKRGYVFVGYHGTNHQAAYTIVNQIAPVLRGNNTAEEQRWAGLYVAVNARVAINYARYKKGSGEGGQPTEAEKKARGVMLAVYLPESQLERFYSIPIPLTQATERINDIIGHPLPLRREAVTGPIRQGGDTETIIGWDMAVHAVAIPSVVPGNTFMPTPPDELAIAAEKPYSAQPPWKEIE
cholix_A_mutoutside_8	LNLTEMCQTTCIASPSPGNPVTYSLSVPSNQKLTEGFLHFGVIVDHPAQGTASLLLNDRVKVNVTNYYVNNDAPFGVIDVSVTTQEGTKDYSKPLLTAQYRFQTIVAIGEGSPANIKVGVIQLNGSNEATEVPTIRTVNVPCQQLKSFKFTGTISLGVSERNSGITLKYPHIMYKPTDPTGSNEIKWSGVSHGWIFGLFISNPKNYTNTTLRKVAGNPQVITLKSGNADRPIELLIPDTNGNGLATMSASIICGRPIAALLPTCTPIPLTKPLKCARTAKEIVDLFLNTRILMSGWQKLFDDQTQDLPPEQRALMQQLLEMEEEYPGLVEQVINVARALYLQYKQNHPGLSDEELDEGASRANILCLDCQDALAPCVAVNPEDSLLFPAGPKGRSYLPINRSKITDYGVQNFTLAEYKAIVDQLKKRGYVFVGYHGTNHQAAYTIVNQIAPVLRGNNTAEEQRWAGLYVAVNARVAINYARMKHGSGRGGQPTEKEKKARGVMLAVYLPESQLERYYFIPIPMTQATERINDIIGHPLPLRREAMTGPRRQGGDTETIIGWDMAVHAVAIPSVVVGNTFMPTKPDELAINAEKPYSEQPTWKEIE
cholix_A_mutoutside_9	LNLTEMCQTTCIAQPSPGNPVTYSLSVNSNIKLKEGFLHFDVIVDHPAQGTASLLLNDRVKVNVTNYYMNNDAPFGVLDVSVTTQEGTKDYSKPLLTAQYRFQTLVAIGEGSPANIKVGVIQLDGSNNATEVPTIRTVNVPCQQLKSFKFTGTISLGMSERNGGITLKYPHIMYKPTDPTGSNEIKWSGVDHGWIFGLFISNPKNYTNTTLRKVAGNPQVIALTSGNADRPIELIFDDTNGSGLANMSASIICGRPFAALEPWCTPIPLTKPLKCARTAKEIVDLFENTRILWSGWQKLFDNQTQILPEEERKLMIQLLEMEEEYPGLVEQVINVARWLYLTYQQNNPGLSDEELDEGASRASVRCLDCQDALAECVCVDCEDSLLFPAGPKGRSYLKINRSKITDYGVQNFTLAEYQAIVDQLKKRGYLFVGYHGTNHQAAYTIVNQIAPVLRGVNTAEEQRWAGLYVAVNARVAINYARMKHGSGRGGQPTEKEKKARGVMLAVYLPESQRENYYFIPIPMTQATERINDIIGHPLPLRRAAMTGPRRQGGDTETIIGWTMAVHAVAIPSVVVGNTFMKTKPDELAINAEKPYSEQPPWKEIE
cholix_A_mutoutside_10	LNLTEMCVTTCIASPSPGNPVTYSLSVNPNQKLKDGFLHFDVVVDHPAQGTASLLLNDRVKVNVTNYYMNNDAPFGVLDVSVTTQEGTKDYSKPLLEAQYRFQTLVAIGEGSPANIKVGVIQDDGSNNWTEVPFIRTVNVPCQQLKSFKFTGTISLGMSERNGVITLKYPRIMYKPADPTGSNEIVWSGVDHVWIFGIFISNPKNSTNTTLRKVAGNPLVHALNSGNADRPIELLFDDTTGSGLANMSASILCGRPFAAGWPWCTPIPLTKPLQCFRDAKEIVDLFENTRILWSGWQKLFDNQTQILPPEERKLMIQLLIMEEEYPGRVEQVINVARWLYLTYQQNNPGLSHEELDEGASRASVLCLGCQDALAECVAVNPEGSLLFPAGPKGRSYLKINRSKITDYGIQNFTLAENQAIEAQLKKRGYLFVGYHGTNHQAAYTIVNQIAPVLRGVNTAEEQRWVGLYVAVNARVAINYARMKHGSGRGGSFTEKEKKARGVMLKVYLPESQREIYYFIPIPMHQATERINDIIGHPLPLRRAAMTGPRRQEGDTETIIGWTMAVHAVANPSVVVGNTAMKTKPDELAINAEKPYSEQPPWKEIE
cholix_A_mutoutside_11	LNLTEMCVTTCIASPSPGNPLTYSLSVNSNQKLKWGDLHFDVVVYHPAQGRASELLNDRVKVNVTHYYMNNRAPFGVLDVSVTTQEGTKDYSKPLLEAQYRIQTLAAIGEGSPINIKVGVIQDDGSNNWTEVPFLRTVNVPQQQLDSFKFTGTISLGMSERNGVITLKYPRIMYKPADPTGSNEIVWSGEDHVWKFGIFISNPKNSTHMTKRKVAGNPLVHAMNSGNADRPIELLFDDTTGSGLANMSASILCGRPFAAGWLTRTPIPLTKPLQCFRDAKEIVMLFENTRILWSGWQKLFDDQTQILPPEERNLMIQLHIMEMEYPGRFEQVINVARWLYLTYQQNNPGLSHEELDEGASRASVLCLGCQDALAECVAVNPKDSLLFPAGPKGRSYLKINRSKITMYQIQNFTLAENQAIEAQLKKRGYLFVGYHGTNHQAAYTIVNQIAPVLRGVNTAAEQRWVGLYVAVNARVAINYARMKHGSGRGGSFTEKEKKARGVMLKVYLPESQMEIKYSIPIPMHQSTNRINDIIGHPLPLRRAGMTGPRRQEGDTETIIGWTMAVHAVANPSVVVGNTAMKTKPDELAINAEKPYSEQPTSKGIR
cholix_A_mutoutside_12	LNLGEMFVTTKIACPSPGNPLTYGLPVPAWQKLKWGDLHFRVVVYHGAQGRASELLNDRVKVNVTHYYMNNRAPFGVLDVSVTTQHGTKDYSKPLLEAQYTEQTLAAIGEGSPINLKHGSIRDDGSNNWTEVPFCRTCNVPQQQKDSFKFTGTISLGMSERNGVITLKYTRIMYKPADPTGSNEIVTSGESHVWKFGIFISNPKNSTHMTTRKVIGNGLVHAMNSGNADRPWELLFDDTTGSGLANMSASILCGRPFEAGWLTRAPIPLTKPTQCFRDANEIVPLWENTRILPNGWQKLFDDQTQILPPEMRNLMIQLHIMEMGRPGRFEQVINVTWWLYLTYQQNNPGLSHEELTEGASRASVRCLGCQNALAECVCVNHKDSLLFPAGPKGRSTLKINRSKITMYQIQNFTLAENQAIEAQHKKRQYLFMGYHGTNHQAAYTIMNQIAPVLRGVNTAAEQRWVGLYVADNARVAINYAMMKHGSGRGGSFTEKESKARGVMLKVYLPESQREIKESIPGQMHGSTNRINDIFGHPKPLRRGGMTGPTRQEGDTETIIGWTMDVHAIANPSVVVGNTAMKTKPDELKINAEKPYSEQHTSKGIR
cholix_A_mutoutside_13	LNLGEMSVTTKIACPSPGNSVTYGLPKPAWQPLKWGDLIFRDVVYHGAQGRASELWNDRVKVNVTHYYMNNRAPFGVLDVSVTTQHGTKDYSKPLLEAQYTNQTLAAIGEGSPINQKWGSIRDDGSNNWTEVPFCRTCNVVEQQKDSFKFTGTISLGMSERNGVITLKYTRIMYKNAPPFGSNEIVTSGESHVWKFGIFISNPKNSQHMTTRKKIGNGLVHAMNSGNADRPWELTFDDTTGSGLANMSASILCGRPFEAGWLTRAPIRLTKPTQCFRDANEIVPLFENTRIMWNGWQKLFDDQTQILPPEMRNLMIQLHIMEMGRPGRFEQVINVTWWLYLTYQQNNPGLSHEELTEGASRASVRCLGCQNYLAECVCVDHKDSLLFPASYKGRSTLKINRSKINMYQIQNFQLAENQAIEAQHKKRQYLFMGYHGTNHQAAYTIMNMIAPVLRGVNTAAEQRWVGLYVADNARVAINYAMMKHGIGRGLSFTEKMSKHRGQMLKVYLPESQREIKEFIPGQMHGSTNRVNDIIGHPKPLRRLGMTGPTRQEGDTETIIGWTMDVHAIGNPSVVVQNTDMKTKPDSLKINAEKPYSEQHTSKGIR
cholix_A_mutoutside_14	LNLYEMIVGTKIACPSPGNSLTYGLPKPAWQPLKWGDLIFRDVVYHGAQRRASELWNDRVKVNVTHYYMNNRAPFGVLDTSVYTQEGTKDYRKPLLEAQYTNQTLAAAGEGSPINLKWGSIRDDGSNNGTMVPFCRTCNVVEQQKDSFKFTGTISLGMSERNGVITLKYTRIMYKNAPPFGSNEIVESGRSHVWKREIFISNPKNSQHMTTRKKIGEGLVHAMNSGNADRPWELTFDDTTGSGLCNMSASILCGRPFEAGWLGRAPIRMTKPTQCFRDANEIVPLFENARIMWNGWQKLFDDQTQILPPEMRNLMIQLHIMEMGRPGRFEQVINVTWWLHLTYQQNTPGLSHEELTEGASRASVRCLGCQNYLAECVCVDHKGSVLFPASYKGRSTQKINRSKRNMYQIQNLQLAENQAIEAQHKKRQYLFMGYHGTNHQAAQTIMNMIAPVLRGVNYGSEQRWVGLYVADNARVAINYAMMKHGIGRGLSFTEKMSKHRGDMLKVYLPESQREIKEFIPGQMHGSTNRVNDIIGHPKPLRRLGMTGPTRQEGDTETIIGWTMDVHAIGNGSVVVQNTDMKTKPDSLKINAEKPYSEQHTSKGIR
cholix_A_mutoutside_15	LNLYEMIVGTKIACPSPGNSVTYGLPKPHWQPLKWGDLHFRDVVYHGAQRRASELWNDRVKGNVTHYYMNNRAPFGVLDTSVYTQHGTVDYRKPLLEAQYTNQTLAAAGEGSPINLKWGSIRDDGSNNGTMVPFCRTCNVVEQQKDSFKFTGTISLGMSERNGVITCKYTRIMYKNAPPFGSNEIVESGRSHVWKREIFISGVKNSQHMTYRKKIIEGLVHAMNSGNYDRPWELTMDDTTGSGLCNMSASILCGRPFEAGWLGRAPIRMTKPTQCFRDANEIVPLFENARIMWNGWQKLFDNQTQILPPEMRNLMIQLHIMEMGRPGRFEQVINVTWWLHLTYQQNPPGLSHTELTEGASRASVRCCGCQNYLAECVCVCHKGSVLFPASYKGRSTQKINRSKRNMYQIQNLQLAELQWIEAQHTKRQYLFMGYHGTNHQAAQTIMNMIAPVLRGVNYGSEQRWVGLYVADEARVAINYAMMKHGIGRGLSFTEKMSKHRGDMLKVYLPESQREIKEFIPGQMHGSTNRHNDIIGHPKPLRRLGMTGPTQQEGYTETIIGWTMDVHAIGNGSVVVQNTDMKTKPDSLKINAVASYSRQHTSKGIR
cholix_A_mutconserved_1	LNILTDCQTPCTLTPAPGKPVTLSLAIPSSVKLGEGYLVFDFIVNFPEAGTATITLNDHVTVKVTNTYVDANAPYGTITLDVTTPYGTTSYTRPKKTPKYRVRFIVPIGDRAPAFILVSVDELDENNNIVEVPTLYAVPVPCADLKNFRTSGTITVDVSTAGGGITIINPSIRYKALDPTGSWIDRYRFDTEGGILGLFVPWPEIFSNTELTLVAGNPFPISLTPGIKLEPIELLIPDPNGNSLATLAASLAAGVPLTELLPHCSPRPLTPELALARTAREIVDLFLATGILLSEWRKVENGETEDLTPEQRALWDRLLELEAEHPGLVRTVLRIARALYLEYRKRNPGLSDAEADAGARTANILSLYCPDPLKPCTSKNDENALLFRVGPSGRDYLPPGKAHITPQGVTGFTLADRNAVVEKLEKDGYVFVGYHGTNWAMARSLVNRIFPLPYGDDTPEQQKWQGLYVSVNPRVAHKTARMARGTGPGGEPTPAELAARGVMLDVFIPKECLKRYYKTDVPIKEAEELIEKVIGHPLPLKNEAFTGPIEKGGDYITIIGWEMAIHAVAIPSIIPGNTFEPIPIDEAAIAAVAPISKEPDWQEVE
cholix_A_mutconserved_2	LNILTDCQTPCTLTPTPGKPITLSLAIDSSVNLGEGYLVFDMIVNFPEAGTATITLNDHVTVKVTNTYVDANAPFGTITLDVTTSRGTTSYTRPKKTPRYRIRVIVPIGPEAPAFWLVSVDELDENDNIVEVPTLYAVPVPCSVLNNWRTSGTITVDVSTAGGAITIINPSIRYKPLDPRGSWIDRYRWDTEGGILGLFVADPSIYSNTSLTLVAGNPKEITLTPGIERTPVELLFPDPNGNGLATLAASLVAGVPLSELLPHCSPRPLTPELALARLAREIVDLFLATGILLSEWRKVENDETEDLTPEQRALYQRLLELEAENPGLVRTVLRIARALYNQYRARNPGLSPAEADAGARTANILSLWCPDPLKPCTGTRPADALEFRVGPSGRDYLPPGRAHITPQGVTGFTLADRNAVVEQLEKDGYVFVGYHGTNWQMARALVNRIFPLPRGDDTPEEQKWQGLEVSVDPEVAHKTARMSRGTGPNGKPTPAELAARGVMLDVFIPKEQLKNYYKTDVPIKEAEELIEKIIGHPLPLKNEAFTGPIEKGGKYKTIIGYDMAIHAVAIPSIIPGNTYQPIPIDQAAIAAVAPISKEPDWVEQE
cholix_A_mutconserved_3	LNLLKDCQEPCTLKPKPGNPIVQSLAIDPSIQLGEGYLSFEMIVNFPEPGTATIKLNDHVTVKVTNYYVDANAPFGTITLDVTTSRGTTSFTRPLKTPRYAIRVIVPIGEDAPAFWLVSVDQLDANDNVTEVPTLYAVPVPCEVLQNWRSSGTISFDVSVPNSAITVINPSIRYKPLDPRGSRSQRYRGDTEGSIYGLFIEDPSILSNTSLQLVAGNPYPITLTPGITRTPIELLFPDPNGNGLATLAASLAAGVPLSDLLPWCAPRTLTPQLALARTAMEIVRLFIDTGILMSEWQKVFNDETEDLPPEKRALYQRLLELEAKNPGLVRTVLRIARALYNQYRARNPGLSPEEANTGAITANILSLWNPDPLKPTTATQPENALLFPVGPSGREYLPPGRAHITPAGVSGFTLADHNAVVEQLEKDGYVFVGYHGTNWDLARALVGRIFPLPYKDDTPEDQAWQGLEVSVDPEVAHKTARMSRGTGPNGKPTPAELAARGVMLDVYIPKSQLKKYYKTPVPIQEAKELIEKIIGHELPLKNEAFTGPIKKGGKFKTIIGYEMAIHGVVIPSIIPGNTFQPTPIDQAAIAAVAPIHKEPDWVEQE
cholix_A_mutconserved_4	LNLLKNCQEPCTLKPKPGNPIVQSLAIDPSIQLGEGYLCFDMVINFPESGTATITLNQHVTVKITNYYVDTNAPFATVTLDVTTSAGTTSFSSPLTTSRILLRVIVPIGEGSPAFWLVGVDQLDSNDNVTSVPTLYAVPVPCEVLQNWRSSGTISFNVDKENNAITVSHPHIRYKPLDPRGSRSTRWRGATSGSIYGLFISDPSILSNTSLQLVAGTPYEITLTPGITRTPIELLFPDPNGNGLATLAASRIAGVPLSDLMPWCAPRTLTRQLALAREAQTIVRLFINTEILMSEWQKVFNDDVEDLEPRKRELMQRLYELEAKNPGLVETVLRIARALYNQYRAVNPGLSPEEANTGAIGANILSLWNPDPLKPTTATQPANALLFPVGPSGREYLPRERVHITPAGVSGFSLADYQKVVEQLKADGYVFVGYHGTNWDLGRALVGLIFPLVKGDNTPEEQAWQGLEVSVDPEVAWKTSRMSRGTGKNGKPTPAELAARGVMLGVFIPASQLKKYYKSPIPIQEAKEKIEKIIGHELPLKNDAFTAPIKKGGKFKTIIGYEMAIHGVVIPSIVPGNTFQPTPIDTQSIKEVEPISKEPDWVEQE
cholix_A_mutconserved_5	LLLTKNCQEPCTLKPKPGNPIVQSLAIDPTIQLGEGYLHFEMVINFPESGTAIITLNQHVTVKITNYFVDTNAPFATVTLDVTTSYGRTDFSMPLTTSRIAMRVIVPIGEGSPTFWLVGVDQLDANDNVTTVPTLYAVNVPIEVLQNTPKSGTISFNVDKKNNAITVIHPHIRYQPLDERGSRSQRWIGATSGSIYGLFIEDPSILSNTSLQLIAGTPYTLTLTPGITRTTIELLFPDPNGNGLATLAASRIAGVPLSDLMPWRAPRTLTRQLQLAREAQTIVRLFINTNILMSEWQKVFNDDTQDLEPRKSKQMQHLYELEAKNPGLVETVLLIARNLYNQYRAVNPGLSPQEANTGAIGANILSLWNPDKLVPTTATQPENALLFPVGPSGREYLPRERVHITPAGVSSFSFADYQKMVEQLKADGYVFVGYHGTNWDLGRALVGLIFPLVKSANTKREQEFQGLEVMVDPEVAWKTSRMSRGTGKNGKATFAELAARGVMLGVFIPASQLTKYYKSPIPIQKAKEKINEIIGHELPLKNDAFTAPIKEGGKFKTIIGYQMAIHGVVIPSIVPGNTFQATPIDTQSINEVEPISKEPDFVEQE
cholix_A_mutconserved_6	LLLTKNCQEPCTLKPKPGNPIVQSILIDPTINLGEGYLRFEMVLNLPESGTGIITLGQHVTVKGTNYFVDNNAPFATLTLDVTTSYGRTDFSMPRKNSRIAMRVIMPIGEGSPTFWLVGVDQLNNNDEVTTVMTLFAVPVVIEVLINTPKYGTISFNADKKNVAIQVIHPHIRIQSLDERGSRSTRWIGASIGSCRGLFIEDPEILRNTSLQLISGTYYELHYKKGIERTTIELIYPDPTGNGLATMAAHWAMGVAISDLMPTRAPRTRTRQLQLATEAQTIVRIFINTNILMSEWQKVFNDDTQDLEERKSKQMQHLYELEHKNPGLVETVLLIARNLYNQYRAVNPGLSPQAANTGAIGANIASLWNYDKLKPNTMTQGANALLHHVSQSTREYLPRERVHITPAGVSSFSFDKYQKMVEQLRADGYVFVGYHGTNWDLGYALVGLIRPLVKSANTKREQEFQGLEVMVDPRVAWKTSRMSRGTGKNGKATFAEIAARGVMLGVFIPNSQLTKYYKSPIPIQKGKNKINDIIGHELMLKNDAWTAPIKEGGKFKTIIGYQMAIHGVVIPSVVPGNEFQATQPDEQSIAEVEPISIDPKFVYQE
cholix_A_mutconserved_7	LLLTKNCQEPCWNCPPPGNPIVQSILIDSGCNLQEGYLRFEMVLNLPESGTGIITLGQHVTVKGTNYFVDNNAPFATLSLDVTTSYGRTDFSMMRKSSRIAMRVIMPIGEGSPTFWLVGVDQLDWNDNTTTVMTLFAVNVVIEVLINTPKYGTISFNADRKNVAIQIIHPTIRIQSLDERGSRSTAWIGASIGSCRGLFIVSPKDLRNCSLQLRSGIYYELHYSKGIEDTTIELIYPDPTGNGLATMAAHWKMGVAISDLMPTRAPRTRTRQLQLATEAQTIVRIFINTNILMTDWQKVFRDDSQDLEERKSKQMQHLYELEHKNPGLVETTLLIARNMYNQYRAVNPGLSPQAANTGAIGANIASLWNYDKLKPNTMTQGANALLHHVSQQTRERLPRERVHITHAGVSSFSFDKFNKMVNQNRADGWTFIGYHGTNWDLGYALVGLIRELVKSFNTKREQEFQGLEVMVDPRVAWKTSRMSRGTGKNGKLTFPQIAARGVMLGVQAPNNQLTKFYMSPIPIQKGKNKINDIIGHELMLKNDAWTAPIKEGGKFKTIIGYQMAIHCIVIPSVVPGNEAQATQPDTQSINEVEIRSIDPKFVYQE
cholix_A_mutconserved_8	LLLTKNMQEPRVNCPPPGNPIVQSILIDHGCNLQEGNLRFEMFLNLPESGTGIITLGQHITVKGVNYFQDNNAPFASLSIDVTTSYGRTDFSMMRKLSRILMRVHMPIGEGSPTFWRVGVDQLDWNDNTTTVMTMFVVNIVIEVLIVTPKYVTISFNADRKNVAINIIHPTIRIQSLDERGSRSTAYIGESIGSCLGLFNVSPKDLRNCSLQLRSGIYYIAHFSKGIEDTTIEIIYPDPTGNGLATMAAHWLMGVAISDLMPTRAPRTRTRQRQRATEAQTIVRIFINTNILITDWQKVFRDDSQDLEERKSKQMQHLYELEHKNPCEVETTLLIMTNMYNRYRGVNPGLSPQAINTGAIGANQASLWNYDKMVPNTMTHGENALLHHVSQQTRERLPRERVHITHAGVSSLSFVKFQKMVNQNCADGWVHMGGHGTNGDLGYAQVGLIAESVKSFNTKREMERQGLEVMVDMRVDWQTSRCSRGCGKNGKLTFPQIAHRGVVLGVQAPNNQLTKWYMSPIPYQKGKNKINDIGGHNLMLKNDAWTAEIKVGGKFKTIIGAQMYIHCIVIPSVVPGNEAQATQPDTQSINEVEIRSIDPKFVYQS
cholix_A_mutconserved_9	LLLTKNMQEPRWNCPPPGNPIVQSILIDHGCNLQEGNLRFEQFENLPKSGTHIISLGQHITYKGVNYFQDNNAPFASLSIDVTTSYGRTDFSMMRKLSRILMRVHMPIGEGSGTFWRCGFDQLDWNDNTTTVMTMFAVNIVIEVLIVTPKYVRISFWADQKNVAIQIIHPTIRIQSLDVGGSRSTFCIGESIGSCLGLFNVSPKGLRNCSLQLRSGIYYIAHFSGGIEDTTIEHIYPDPTGNGLCTMEAHWLMGEAISDLMLGRAPHTRTRQRQRGTEANTIVRIFVNTNILITDWQKVFRDDSQDLEERKSKQMQHLYELEHKNPCEVETCLLIMCNMHNRYRGVNPGLSPQAINTGAICANQATLWNRDKMVPNTMTHGENALYHHVSQQTRERLPRERVHINHAGVSSLSFVKFQKMVNQNCADQWVHMGGHGTNGDLGYAQVGLVAESVKSFNYKREMERQGLEVMVDMRVDWQTSCMSRGCGKNGKLLFPQIAHRGVVLGVQAPNNQRTKIYNSPKPYQKGKNKINDIGGHNNMLKNDAWTAEIKVGGKFKRQIGAQMYIHCMVIPSVVPLNEAQATQPDPQSINEVEIRSIDPKLVYRS
cholix_A_mutconserved_10	LLTTKNMQEPRWNCPPPGDGYVQSILRDHGCNLQEGNDRFEQFENLPKSGTHIISLGQHITYKGVNYFQDNNWPFASLSIDVTTKYGRVDFRMMRKLSRILMRVHMPITEGSGTRWRCGFDQLNWNDYTTTVMTMFAVNIVIEVLIVTPKYVRISFWADQKNVAIQTIHPTIRIISLDVGFSRSTFCIGEDIGSCRGLFNVSPKGLRNVSAQLRSGIYYIAHFDGGIEDTTEEHIYPDETGNGLCTMEAHWLMGEAISDLELGAAPHTRTRQRQRGTEANTIVRIFVNTNIKIWKFQKVFRDDSPDLEERKSKQMQHLYELSHKNPCEVETCLLIMCNMHNRYRGVNPGLSPQAINTGAICANQATLWNRDKMVPNTMTHGENALYHHQSQQTRERLPRERVHDNHAGTSSLSFVKFQKMVNQNCADQWVHMGGHGTNGDLGYAQQGLVAESVKSFNYKREMRRQGLEVMVDMRVDWQTSMMSRVPEKNRGGLFPVIAHRGVVLGVQAPNNQRTKKYNSPKPYQKGSNKINDIGITNNMLKNDAWTAEINVGGKFKRQIGAQMYIHCMVIPSVVPLNEKQATQPDPQSINEVEIRIIDPKLVYRS
diphtheria_A_mutoutside_1	GASNVIDESKSFVKENFSTYHGTKPGYVESILKGIQKPASGTQGNYDPDWKGFYSTDNPFLAATYSVDNSKPYSGPAGGVVKVTFPGKTRVLALKTDNPYLIKKELNLPLDKPLMEQVGTPEFIKKFGKGADTVVLSRPYAPGSSATEYLHNWDNAKKLKVELYKDFTAENLPGQDALYRFRAKECSXXXXXXXXXXXXXCIDLDWEKIRALTAETIAALRADPAVQAKLKTLPNKKVSEEEAIAYLVELCEVALQHPVLAKLREMMPTHPTFACENLAKLAADVASVVTPEIAADLEKLTQALSKLPGLGTVFGYSDGKMHFNTEELVAQSLALASLLVEAALPLVGELVDPEVATTNFVDAMLILYQHVAEYMNRPTLAPAHTTTPVTKDGYSVSWASAADRVIPTDFKGNITHNIKISADNIPLPIAGIIIPTLKGKLEVNTSRTHISVNGIPIRLTCSPIEGERVLCTPKAPVFVGDGINATLTVDYIRVSDAPLNPNDLKSKSIEVLGYLKKENGKWVHSKISLDLTISK
diphtheria_A_mutoutside_7	GGLSVINLSESGVTTNATLYHGTKPGYVNSILNGIQQPASGTQGNYDDDWKGFYSTDNKFLAATYAVDNNNPFAGRAGGVAKVTFPGKTKTLALKTRNPYEIKIALLLSLDIPLMEQVGTSGFISVFGDGASSVVLKRPYAPGSSGYEYIMNWKKAKNGKVKLEINFQKQNMPGQFALYHYRSRECMXXXXXXXXXXXXXCLDLNYEEIRKQTAAVITNLRRDPAVQAAIKTLPHKKVSVNDAKKYLVGLVEVALQHPSLANLKKMMPKNKNFSPQNLAELAVDCASVVTPEIAKNLEKMMQELSTLGGIGTIFGYSNGKMWFNTEQIVAQSLALASYLVEAAMPLVGEKVDPAVAEIIFVDSMLILRQHIEEYMNRPTIEPEFQMEPIEKDGFKVAWYSEVDRVILTDFRGNQIHRIKISSENEPRPIAGILIPTLPELISVNNSGTFIAVNGIPIRLTCTPIEGEKIYCVPNAPVYVGDGIHAILTIEYLRDSFEPLNENDLASHDVVVLGAKVKEKNKWTNVEIRLTFVVRS
diphtheria_A_mutoutside_9	IGLSVINLSESIVTTNATLYHGTKPGYTNSILNGIQQPANGTQGNYDTDHKGFYSTDNKFLAAGYAQDNNNPFAGRAGGVAKVTFPGKTKTLALKISNDYMIKIALLLSLDIPLMEQVGTSGFISVFGDGASSVVLTKPYAPGSSGKEYIMNWKKAKNGMVKLEINFQKQEMPGREAYYVYISRECMXXXXXXXXXXXXXCLNLNYEEIRKQTAAVMTNLRRDPAVQAATTTLPQKVVSVNDAKKRLVGLVEVALWHPSLANWRKMMPKNKNFSPQNQAELAVQCASVVTPEIAKNLEKLMQTLSTLGGIGTIFGYSGGKMWFNTEQIVAQSLALCSYLVEQAMPLVGEKVDPAVAEIIFTDGVLILRQHIEEYMNRVTLEPEFQMEPIQKDGFEVAWYSEVDRVILTDFRGSQIHRILISSEDEPRPVAGILIPTLPELISVNNSGTFIAINGYRVRLTCTPREGEKIYCVPNAPVYVADGIHGGLTIEVLRDSFEPLNENDLASHDVVVLGDKVKEKNKWRNVEIRITFVVRS
diphtheria_A_mutoutside_13	IGLSVINLGESIVTTNATLYHGTKLGYTNSIQNGIQQPANGTQGNYDTDHKGFYSTRDKFLAAGYAQDNINRFIQRRQGVAKVNFPGQTRTLAHKISNDEMIKIALLLSKDIPLMEQVGTSGFISVFGDGASSVVLTKSYAPGNSGMEHIMNWKKALYGMVKLEVNQQKQEMPGGHAYYVYISRCCMXXXXXXXXXXXXXCKNLNYEPIRKQTAQVMTNLMRYPAVSAETTTLSQKVVSVNNSKLRLAGLVEKILWHPSMINWKKMMSKEKNFSPQNQAELAVECASLVNQAMAKNEEKMMETLSTVGGWGTTFGYFNGAMYFNTEQILAQSRATCSYLVRQAMTLVGEKVNPASMEIIFTTSVIQLDQINEERMNRVTQITEFQMVPIQADNFEIAMYSEVDRVILSDFRGSRIMRLLSSSETEPRPIRGILIPTLPELISVNNSQTQIAANQYATRFTCFHREREKIYCVPFAPVYVARPIHGGICIEVLRDSFEPLNENELASHKVVVLGGKLKEKNKWRFNYISITLVIRS
diphtheria_A_mutoutside_14	IGLSVINNGEYIVTTNATLYHGTKLGYTNSIQNGIQQPLNGTQGNYDTAHMGFYSTRPKFLAAGYAQDNINRFIQRRQGVAKVNFPGQTATRAHKISNDEMIKIALLLSKDIPLMAIVGTSGFISVFGDGASSVVLTKSQAPGNSGMEHIMNWKKALYGMDKLEVNQQKQEMPGGHAYYVYISRCCMXXXXXXXXXXXXXCLNLNYEPIRKQAAQVMTNLMRYPAVSAETTTLSHKVVWVNNSKLRLAGLVEKILWHPSMINWKKMMSKEKNVSSQNQAELASQCASLVNQAMSKNENKMMETLSTVGGWNTTFGYFNGAMYFNTEQILAQTRATCWYLVRQAMTLVGEKVNWASMEIIFTTSVIQLDHINPERMNRVTQITEFQMVRIQADNFEIAMYSEVDRVILSDFRGSRIMRLLSSPETGNRPIRGILIPTLPELISVNNSQTQIAANQYATRFTCTHRTREKIYCVPFAPVYLARPIHGGICIEVLRDSFEALNENTLASHKVVVLGGKGKWKNKWRFNYISITLVIRS
diphtheria_A_mutoutside_15	IGLSVINNGEYIVTTNATLYHGTKLGYTNSIQNGIQQPLNGTQGNYDTAHMGFYSTRPKFLAAGYAQDNINRFIQRRQGVAKVNFPGQTATRAHEIVNDEMRKIALLRTKDIPLMAIVGTSGFISVFGDRASSVVLTKSQAPGNSGMEHIMNWKKALYGMDKLELNQQKQEMPSGHAYYVAISRCCMXXXXXXXXXXXXXCLNLNYEPIRKQAAQVMTNLMRYPAVSACTTENKQTVVWINNSKLRIAGLVEKILWHKSMINWKKMMSKEKNVSSQNQAELPSQCASLVNNAMSKNENKHMETLSTVGGWNTTFGYFNGAMYFNNEQILAQTRATCWYLVRQNMTLVGEKVNWASMEIIFTTSVIILDHINPERMNRVTQITEFQMVRIQADNFEIAMYSEVDRVILSRFRGSRIMRLLSSPETGNRPIRGILIPTLPELISVNNSQTQIAANQYATRFTCTHRTRMKIYCVPFNPVYLARPIHGGICIEVLRDSFEALNENTLASHKVVVLCGKLKWKNKWRFNYISITFVIRS
diphtheria_A_mutconserved_1	GPEKVIDKSKSFVEENFSFYKGVVPGNVESILKGLKKPASGDKGSADPDWQGFYGTDDPFEAAEESVDPARPLAGPAGGVVKVTFPGKTKVLALKTENPYLIKKELNLPLDKPLMEQVGTPEFIKKFGNGAENVILKTPYAPGSTADRYLINWENAKKAKVELYKDFTAENLPGQDARYRFLAKRCSXXXXXXXXXXXXXCLDLDWREIRRLTAELRAALEADPAVQAKRKTLPNKPVSEEEAIAYLVEAAQVALQHPALAALAALQPTHPTFAPENLARLAADVASVVTPEIAADLEKLLAALSQLPGLGTLFGISDGKVWFNTEELVAQSLALAALLVEFALPLVGERVDPEVASTNFVDATLILLQHILEYYNRPTLDPEFKTEPVEKNGYKVAFYSEEDRVIPTDFKGNLTHRIKISADNVPLPIAGIILPTLPGRLAVNTTRTHISVNGIRIPLTCEPIEGERVLCRPKAPVFVGDGINAILTVDYLRTSDAPLDPNDLKSKTIEVLGYRYKENGEWVHSRISLELEVKP
diphtheria_A_mutconserved_9	QPEDVINYENSSVVSNSSFFRGVRHGQNEAAREGAGHSKLGFQKDDNLDMQRMWGVNCRTEAVYESDSQAGPLTALSTGVLKLQFPGNLRILTFKTKNPNLIKIQLKLPKDIGLSALIGTEETIQRFHEGAAHVISRYIMSIGSNCARFNINHQKAKNLQVEMTARQDAIKSYLNTASFATRSRYNQXXXXXXXXXXXXXSGSPNFVTNLYMRRMMRDDLEQRAKYTEESKKLRMDISMVAVSRLIRVAVATVTNEMPIFANWNALLPTNTNFTTSNYASRAVDVMNQKKRVTAQTLGLHGNVEMGNPNKRTYFGIQCGMVWFIHEESLSEAGSFAENLVHAANPLVGQPVDRQVASDVSVLNVLNLINHIIFMYNRPTLPMNYKTVLVQFPNYMTGFIERQDKEIHIDWEGDKCAEVKLNAMDVPLPITGMMDTGMPGRIYLNSHESVIVINGVRVSLSHVVAENDTWIRTPNAPVAQYKPIGGVLSIDQVKTKKDYQWIQDFKSKFIELNGQVTSQNSREIHDAVRLHLQCKV
diphtheria_A_mutconserved_10	QPEDVINYENSSTVSNSSFFPGGAHKLQEAAREGHGHSKLGFQKDDDLCMQRMWGVNCRTEAVYESDSQAGPLTALSTGVLKDQWPGTLHILTFKSKNPNLIYIQLKLPKDIGLSAVIGTEETIQRFHEGAAHVISRYIMSIGSNCARFNINHQKTKNLQVEMTARQDAIKSYLNTASFATRSRYNQXXXXXXXXXXXXXSGSLNFVTNLYMRRMMRDDEEQRAKVTEESKKLRMDISMVAVSRLIRRAVATVTNEMPIFANWQALLPTNTNFTTSVYAGRAVDVMNQKKRVTAQTLGMHGNVEIGNPNKRGYFGIQCGMVWFIHEESVSEAGSFAENLVHAANGLVGQPVDRQVKSDVSVLNVLWLINHIIFMYNRPTLPMNPLGVLVQFPNYMTSFIERQDKEIHIDWEKDKCAEVELNAMDVPLPITAMMDTGMPGRCYLNSHESVYVINGVLVSLPHVVAENDTWIRTPNAPIAQYKPIGGVLSIDQVKTKKDYQWIQDFKSKFIELNGQVTSQNSREIHDAVRLHLQdiphtheria
command_cholix  run boltz2 with affinity prediction with an NAD ligand for each of the sequences in tosubmit_boltz2.tsv. tell me exactly the number of jobs you will submit to amina before submitting them.  
