sequence_id,sequence,score,sequence_recovery,rank
proteinmpnn_cholix_fullprotein_t10_mutconserved_sequence_7,LHLLDGALVTKKIAPTPTSPKTFRLSIPEDEEIGEGYLRFQMILLTSSTGIATITVDGNSRNSITIKNVDSSHPYGTTTLSVTTSKGTASYTQPNLTLKYAVVFITPVGDHAPNFDIWAVLQLNAQLEVIDMPKLYMTPRPASWKPKYETEGTIQGNVSASGLHIYVYHPAILFKEVNPAGSNEKAWAGVCQGSIFGLFVPNPEFFTDTGEKVVAGTPLMLRMKSGLAKKPIELIVPNPNGDGLWETAAAVAAGVTLTELMDSTTPQPVTPQLSLAANSMQIVSLFTGTKIPFSDFQKLPNDQHDDLTDDEKAKLGKLNEIDEENPGLVRRVLTIAHAFYQQYVKNNPGLSDAENDTSARTAKWLSLTNTDPLQFSKAQQAKDALLWYYGPKGRSFLPIDMCIITNEGTKNFTLELKSKISAQLREQGYVFIGYGGVDWVTGRALLERVYPSPHGDASDADEWFRGLYVSIDATIAYQKARYPKGNGDGLKPTEHEKQAKGVCLVAWLPEAQLARVYETDIPMALGTDVIESVMGHHLPLRLDAWRAPKTAGGAYELLVGTQLARYGIVTPSTISGNTFKPIEIDQSDIDAEAPICQAPPFGPVG,1.6322,0.3096,1
proteinmpnn_cholix_fullprotein_t10_mutconserved_sequence_5,LHILEQCRDMCNLAPLPEQPIELSLNIPEYIELDEGWLSFSSVQYTTNEGTATIRVNQKWTVEVTNHFLNSTAPNGVVRQCVTTERGTKMYSYNKFKERYMKRFIVPIGPDSPLYFHAAVMELDENNEIIAMPSIYTIPVDASGMQTYPQDTVITVDTNVPNRTITIEAPSIKYSPSDKTGSKEERWKEFCTGGIIGKFIPLPTWLDNTAEKTVAGSPKQIFQKSGTPRKPLERTIPIPSGNGLAVMSAQLNAGVPVAALLPSVSPLPPTERLRRAVASFEVVDAFLATGGSISEADLVFKDKYEGKDEDTARRGHKSSNMEAEHPGLLNTVLVQSWALYTKYLKSQPGYTDENLHFNAATKDILSLACWDPLQACTATDDQDSLRLEYGLSGVDYLPEGKAKVTIKGVEGFSLEDLKEVKKRLVSEGFLFIGYHGTDWTEAFSLINNIFELPQGNKSAKEQKWQGLTVSACPYVAHGTARYKYGSGDGRKFWAAEKAAKGYLLQVFIPRETLRLVYRSEIPIPFADEKIKASVGHALPLHKDSFCAPIGVGGSYVALIGSERAIKGVSIPSIIPGNVAKATVIFESAVSREQPIAGLPPWQEIR,1.663,0.3543,2
proteinmpnn_cholix_fullprotein_t10_mutconserved_sequence_28,LNVTRSANSPTVIKPAPGKPVSLSLAIDPSNVIDNGWLHLSVYITPHEPGIWYAKLGDHVTVRITNYYVNEKAPYGKVSLEITTPNGTETFEFPLQTWVKLLKTLVPCGDTAPSFIVVCVEQLDANREIIAIPHLWGVDVDCSWMENWKQTGPVELDVSSSGYSIKLEHPSVSYHPVPTAGTTATQYKGSTTSIVLGLFVPKPDFLRGRQFTPVAGNPHDVRFREGINDKSAALTIYDTGGNSLATLAAHSAAGIRLDELRNQCVPRTETHDLKRAHTTHQVICLYQEMKILFSKDLLIKHDKVADLTPEEQEKWKQLAEMEKEHPGLLHTVLDIAASFYYAYARHNPGHTEDQLDAGGWTARILSLGNFNPLAPMTPENFDKSLIMEHGIEGRSYLPPGVATITIQGVKNFNYDDYAQRVNQLEADGWVFVGYHGNNWQEAYALVWNIIPFPYRDQSKREQAQSGLVVSGDPSVAHSTAKVAHGSGGDGAATEAEKKATGVMLGVYIPREALDRYYDTSTEIGDAVNKIEKVIGHALPLTNSAYTGPENNGGKYVTTIGNNLAVHGVVINSIVIGNRADSKQIDTTKICQERKHTKPPKRKEVD,1.6673,0.3543,3
proteinmpnn_cholix_fullprotein_t10_mutconserved_sequence_20,LNIHSDMDRPTTLSPAPGLPIVLSNRIDRTVNIQMGYLNWGWIFHQESIGTTYITINEEVTLKATNKLVDRNAPFGKINLHIKTRRGTYCYHKNKRHPTYRETVTVPIGKDAPCFWNVSQMELRSNDVVTEVADLYYVHLDRYTLQNWTSYGAISLDTDISKTEINIIAGNIEYKPSDPKGSAMECPKHDVTGGTLGLFVAWPEIFKDFQRQLLAGNPREITFDPGIPMASIEITFFDPRGNALADVYAFRCSGVSLSALLDTRNPRTITPWLKLAVVCYEVLSQYLSTEILLSQYQVVFNGQVDDLSGGAKMKVQSLFRIEEENPGTVEHVLTIAKAQYIHYEERNEGLSSESLNHNATTARILCLYNADPNKDDVCSHGEDALELRMDRSGRDYLPEGKAKITRDGVQGFSFADFVEVHEKLDKDGYVFVGYHGCSAMRANSLICQVGHMPFNNKTKADQFWSGLIVPNSPEVAWAFARYAVGFGPGGEPTQATLEARGVMLAARIPKSMLVNAFKTDVPIKAADELIKRIVGHELPLTNRAFCATTEEGGPELCVIGSQSAIKGVLIPSIIPGNTYIPEAINDDAVAAEAAVSQPPAWKGVG,1.6793,0.356,4
proteinmpnn_cholix_fullprotein_t10_mutconserved_sequence_6,LNLLDDCRETCVETPQPDEPIVHGLAIPGSIDLGEGWLSKSMMVHTPCGGLGFLTFEEYVLQQRSNTYLDRKSPFGLTILDLTWEFGTESYNEANRTPKRLFAFLVPIGRQMPAFALVSTDQLNDSDQVTKVSKLYAVPKPAAVFQAFKQNGWLQSDVSIPIRSVTIMHPSIRFKAYNTDGSEIQRWDGATQGTVLGYFVAYPSILSYTAQSTVAGRPRAVSMLPGIKKEPIEITIHCPRGNSLADLSAHRVCGCPMASLMPWRSPRVETADLRKAIFSHEIIATWQQTGIVASEVHKIFDLDTNNLSPAAMTLAEALLQYNEQNPNLVSTTLRIDESFYSVYRSNNTGLTDLDLNAGAVTARILSLDNYDPLQATTGTFDTDHLINQHSRKGSHYLRVGWAFITPQCIRHFTREQFVNHWLQTQNDGYVFIGYHLTNWMEASCLVSQIFPLSEGYNSPQEQAWRGLWVSMTPKVAWKNSRVKQGDGKNRQPTDAERRARGVVLMVFLTFECQEKFYSTNTPIRDADPLIEKAINHPLPLQCTAFTAPEAAGMGDVTVVGELMAIKGIMVPSVVPGSTYEPLPTNMQAIRAERKMTRPPDFKEIP,1.6868,0.3493,5
proteinmpnn_cholix_fullprotein_t10_mutconserved_sequence_14,LDLLNSCITPCTVSPKPGNGTKFSLAVPETAHIGSGWLCFNAVEDYPKEGVASFTIDNWITVNATSEWVDVNAPKGVINLNNATQNGTRESAYPMTSGRYRVEIIVPVAPFAPLYVFVAIVELDSNENATRIPNLHAVAREAEDMSSWDSKGYLTVNVSNENREIFLSDPCIMYKARDTTPTPIQSRMSSTTGGILGKFIPGPSWMSETETALIAGTPNPAKLKEGVPQEPYELRIEDPGGNSVATLAAEQFAGCPVCTLMEHRAMLEQTQQLSKLREAQNIVLNYIATGILLSQIMQVINWNTTSMDANKKALWNSLLTSGSNNPGSLSTVLRIASSLYRQYLRTNPGLSEEEADAKARKAWILSLTNPDHDQDAVCKNAENCKLRRRGRFGIEYLPPVHAHITPAGVRGFTLERRRAVLKKLEADGYVFVGYRGWSYQLARALDYNIFELPIGHNTAEEQQWGGNVVSQDPLVAQRFSRMKTGHGKDMAFSSQEISCRGVMLSVFVPKTQLVDHYSTTIPITEADALINEVIGWPLPLRNASFGGPETEGGKDITIIRYEAALSAVHIPSIIPGNASDPLEIDSEANREEKPVTKAPARKNIP,1.7094,0.3361,6
proteinmpnn_cholix_fullprotein_t10_mutconserved_sequence_12,LALLEEWQEPCILQPERGKPILLPLAIPKDIEIPEGWLQVRMIILTPSRLMDMIIINETVKLHETAEFLSDDAPTPIFVLEVVTERGARGYSMHATEEALAVIQNIPVGESYPLFWWVAAMRLDDQKHVTKVPLIFKVYVPAEEANNWRWHGKVAIDVTRLNNKIQIEGVSIQYKAANKGGTLASKWAGSNTGVVFGLFVANPDWYEAVDLHLVAGTPIPIALKPGLDHHPIELIIPNVNHFSLAVSAAVLSAGISMDMLLPWRSRLTETNQLRKGDLAYEIIKLFFNTGVLLGNWNNIKNRLSQFLTKDKKSVLDELYKIEEECPGLVQVVLTTAYSLYLQYKALNPGQGDEDLDTACRHADIVSLTTLDPKKYPESKTPDNSLILNCGVHGRDFLPAGFACITENGVEGKSQAQRDAIMKQLEADWYVFIGYHGRQWPHASMLVQQIHGIPFGESTPEEQARQGLEVSVDARVAWRTARHSKGTGINGQPTKREKAARGVVLKVYIPQELLANWYESPCPLRLSDELVKETNGHALDLRLEAFTGPISENGPFLTVIGEKASEYGVAEPSIIPGSTAKYIAPNQAAIDREKPMSQAPEWKSVS,1.7141,0.3262,7
proteinmpnn_cholix_fullprotein_t10_mutconserved_sequence_27,LALLNEALTEKTLLPTPGQPVTQKLHVPQNLKLGQGYLDFALGINNADQGIATITLNSFVKIEISNRPVYLNCIKGQISLVVTTPRGSRSYNKCLTHEKVLVQFIKPVGSMAPNFIIVAVSELNVNSHLVTMPALYAVPVPTDIMTKWYTDYSIKISTSKANDEIGISNPSIHYRERKEHGSILKQTQDDCTGGILKLCTVMPEDFANDAKKTIAGSPANRSMTPGVPHSPIEMGIPYPSGNSIAEVAAVSASGVPQTMLLSRQKELEESETLRQANVARAVVHLYLLTEILLADNELLFSDKTHSLKITHQAKWQLLDKIDAIHPGLVRWVFTIARADYAQYRTTNPGATDQTLHAGCVHADVLCLYCPNYKAKCVGRNPRNPVIMQEGLSGKSYLPPDHAKITNQGVSWFTLEDFKKVIDSLKKDGYVFVGYHGTDHVMASSLVHGMFEPPQCRGTSHCQGGRGLAVSVNPWVAFGSARIARGSGPSRAPTEAEWKGKGTMLRVFIPDEMLEVYFKTPVPISEADKLIAYVFGYSLPLKSSAFAGPQAAGRGEITKIGFDAAVHAVAIPSIIPMNRFQPIEPNPEAITSCKPYDQMPAYVWQG,1.7197,0.3245,8
proteinmpnn_cholix_fullprotein_t10_mutconserved_sequence_3,LNVLIDGQSTVTLKQTVGNPPKLSLGIVSTQSLGEGYLSLGITINHKKEGLAKILPNGHAEVTVTNYYQDPNAPKGIVELSIKTATGTELFTWPKKTSKFAVIIKVPVGPDAPLFFLTAVLELDSDGNVIDVGNIFACNSDADFIETFEKDGSIHTNADTPDNNITINHPSIEYKPTDKTGSVCKRWHGNCTGRIFGAFVSIPTIYKGTNKEKVGGNPEKIQLLPLIPLFPFELMIYQPYGNSLADLAAILATGTPLTMLLPHPRARTITMDLILARNSYAVVEIFLKTGILLSKVHELFENKASDLSPTRKQLYQFLLETERNAPGLVPKVLLIKANLYLLYKPCHMGMSDEESNAACNKSRILSLSNEDVLQPCRSRNPKNALRLVHGPRGMDYLTEGRAEVTNQGVHNFSLDDLRSISDRLKADGYVFIGFHGVDHEQAKALVAQIQPVNCRSNMKSEQRMSELYVSTDPSHAHRHALVEKGAGRNSKPWSEERKARGVVLRAWTPSAQLSEFYKSKTPIQDAMVLLRHQVGNRLPLTLNAWAAPVERGGHYVTYVGYEMATHHVLIPSAIPGNSHDDKPIDEAAVASIAPFTTAPPWQWVD,1.7203,0.3344,9
proteinmpnn_cholix_fullprotein_t10_mutconserved_sequence_29,LNSGKECVKQCTLNPKPGRPVRLYIAIRSHCSLTAGVLVFSLIISQEEAGVATIKLDSHVSRLSTNCKIGESAPNGVIVLQIKTPTGTQKYSQDKMSNKFAIVFNIPIGDQIPLYMQVAVTELDASNNITRVPQLYAVPVDAGFIWHARKQLHISVDTSNRGKKITIAAPSVSYRPIDSSGTIFDQYKGACSGQIQFEFVAQSAYYADTALTTIFGNPQAQALSAGIEDTPVELTFPVPLGNSVAGLSAVITAGVPLSALLNWRSEKELTKLLELAELAHEVIQLYIECGISFADWRTLFEHKTRGMCPAQQRLYHQLLELNRNYPILVRTYLRIPLSLREEFRKLNPGLTADEESEAAATANIERLTRQSVLRRNESRNGEGSLVLRQGMKGRDFLPRNTNKGTMHGGTDFTLQTFRRISDELERCGYEFIGYHGTNHMEAYALVSSIAYLPEGANTEAEQAWIGLWVSYQPIESYKHARVARGSGKDSQPSKAELEARGVTLAVPMTRGMLVNYYESPVPLRESEKLIQQVVGHPLPLRDEGVTGPESVGKSPITLIGYEASIHGVAVPSIIPGSRSEPEFINSKANANEKKYCRGPRYQRVQ,1.7222,0.3311,10
proteinmpnn_cholix_fullprotein_t10_mutconserved_sequence_2,LNSLTSATTTTTVNPLPGQATVLDLSIPANVQLSTGWLSFCTTFTVSQSGQAYVTFNDHVTVCITHKAIDENAPNGTVVEVLKTVYGVTRYTQPKRSVKYRFCLKKAVGPTAPCFSEVAIIELNENGEFVDVPFLHAVPHTTQDVDAYVFNGKITIDVSRENLGVTIDVPHINFHPCKPEGHVDTIHDGACSGDVFGLFCSYPEFVEDTTLETIAGNPCPTRLLRGISKREIQLKVHDPLGNSLATLAAVMAAGVPLAQLWAHPSTRALSDRSKLAQTARTIVELYADSGIHWADWHRWFKHDTSDLPPEARSRVDALFALNAKNPGLVQEVLRIAHALYLQYRQLNPGLTPAEAHHECLVSYILCLASFDPNKPAECEFDRDSLLFPDGPRGIDYLPENAAHITTRGVSGFSLEALEAVVEDIRQEGYVFIGYHGDNWMMASHRHSQIQWLVFDEWTAEDQIRSWLPASTDARVAWKAARASQGEGVGGSFTAQCLGDAGVVMLLFIPSSLMEKRYNSSICIVTAREQIEKLVGHAMPLKLYSFEGPLYAGGLDESLIGDYASICGIAVPSVVPGNRAAEMVPDDAHIAASAPFTANWDVIEQD,1.7333,0.2732,11
proteinmpnn_cholix_fullprotein_t10_mutconserved_sequence_26,LNILLSAQKPYTLSPMPGTPQSQSLNIDENINLTEGYLVFEMIMDCREAGTSHLTDEDDILLVRTNKYGSKECPFGKVTLYVVSSKGVKRFSSCLKQPKVWAMIIHPVGADSPSIWQYAYCELDEDNKVIDITRIYAVPANCENRENRTKKGVVKLNTDDVDRQIQVSNPIVKYKPKDETGTPEHRFAGDCRGDIKGLFVRMPDVLKHTELKVKDGNGTDVYYLEGIPLNTVHKIHQYPGGNWLATMAESVSAGVPLTSLLPSCTPMEDTERLALAKLAEEIVRLFLDTEILLSDWHLVKADSTTNLTGAAFPQIQNLYSLDRKNPGLVRTVLRIARSYYAAYCEINKGLSAEEAHHACYTSDICSLMCYDPLRPAVCSDGEDAIQQVMGNSGQSYLPMDTAGITATGVVGFSLATYEAVYKRLEKDGYVFIGYHGTSWPEAKSRVGLLFPLPRGRDSKAEQRRRGCYHSNWPVEAWKSARWTRGSGPAGRQHQLERTARGVVLDMFVFKENMEFLYRSGVPQEESEKLKEKVIDHPLPLTKFAWTGPLFKGGANETRVGDERAIHAVQIPSIIAGNTSFNLSINEGQVEQHKPYSKLPVHHKVD,1.7354,0.3079,12
proteinmpnn_cholix_fullprotein_t10_mutconserved_sequence_8,LNITEEMREKFFSNPLPGQYVIFSLIIDSGIPVGEGYLSVGMWIKNEHQGQACISFNQHVQILFTHRYINSYAPYGEITTCITGEFGTTAYTRPKVDIDIATIMLVPVGPDAPAFMVFAVVGLDENDEWTRVPTLYAVPISDEDLDAFPEDGFIKLDTSTENQRILIKNANIDYKPHKSRGTDQQRFRHDARGGTLGLMCVYPMHFKFTELERLSGNPKPILQKLGPIDEPIELVYLQSSGNSIASMAAKYCSGVDLTQLAHHRRDREMTPEIALAHQCRNVINLYLATRILLSEFTQFFHRRVDDLPPDVKPLIGQFYKIESQNPGLVSRTLKIATALYNDYKLKHPGLTDEALHIGASRSNILSLQCFLPTRTCEGRKPHNALIDRRGPSGTDFLPQGQARIGSIGIPGYTHMQLRETLELLGKRGYVFVGYHGVDYVEAFFFCKGIDKIDRGNNSEKNQAFRGLYVNTQPNVADKKSHYAKGQGPDGFWTPQQLWAHGVMLMVFIPAANLWRLYYHNQPFAQSRSLIERIVGHTLPLRNEAYTGPFAAGGPNGTEIGPDMMIKGVMIPSIIPGNTAAPQKIDEKAIERVAPMSAPPPYIHSH,1.7366,0.3493,13
proteinmpnn_cholix_fullprotein_t10_mutconserved_sequence_17,LRWYKGATVPTSIRPKPGQPVTFSLSVPPDVALNDGVLWEQTVISQDHSGMTTLTLNHYVTINVTENYVNQDSPNGVVSLLLTTRYGTAEFTWPLETTRCAFSYRIPYGPTSPLFDLVAVSQLDENQQITRIPRLYAVNLPGHLKEKWQTNGHVSIDVSTQGQSVTVESLSIKFKNAKTAESIEEQWRGDTQPDVLGNCRPLPDWYKDTDMKLVAGDFLPMDYRHGILRAPIELTIPNPSGNYLADVAASLVAGAPLTSLLPFLTSKALSEALEWSKAAMQIVNLYDETRILWSERHFVFDDRTWNLAPDQQNTWNQLLQLNEAHPGLVRTVLTRPESQYLDYIAKNPCRSHEEAKAQEITAHVLSLGCGDPEKECKGRHEENAVQFINGERGTDFFAKGKIEITINGVSGGTLEELKAGVKKLNARGYVFRGYIGTDHILAKSLVNRIHTKMYLQMTPNDNTLLGLKVSVDAKVAHAEARYARGSGRAGVPTEAELSAKGVMLQYYFPKSTLKKYYTTAQPILDASDLIKSVVKHGLPLNLHAFTAPLREQGSMQTLVGSGMAVKGVLIPSMRTGNAFNEKEIDKAFEDAEAPYTKEPKTQSIE,1.7369,0.3278,14
proteinmpnn_cholix_fullprotein_t10_mutconserved_sequence_23,LNLLTDAKTQKTLSPAPGTPIKHSGKIPEECPLGEGYLCFYMRIMSREEGVICVTYLEEIKYRITNYYIDDQSPEGILVLDVTTAGGTKTYKRGRNHKTFVRMFREPVGYTAPNFIFSAACELNSAYETTQMPCIHAVPQDRSKRKNFPTDWTLDFDTSLPCREITVEWPCVTYKPVSSTGSWLQAHAWDCEGGLFGRFVGYPFFFTGTDLVTVQGKCNKITLAEGIIDSPIELRVADPGGASDANLAGVIAYGIPLAATMGHETKLTVTKELEDAQSSIAIVRTYFATGILLSKYRLLQDGQTTDLDPEQLALVQELSKMEEERPIMQTTVMTIARALYLSYQDQHPGMTPYEAGAGARGADIIACTCPSTLRGCFTTDGADSLVYQFSPHGASYLQHGSATINESGVTNFTTEAYQHVNARLQKSGHVFVGYHGCNWAMARRLVNHIFPLPRGEGTPDAQRWAGLEVFSEPFEAHRTARNSSGTGIGGKPTSAEQDARGVMLQVYLPENQLISLYSSKTRLKPAVEKIEAVIGHPLPHRHNAFRGKRNDGGPTELVIGPLWAIHGVRIPAVISGNTFYALPIDQDAIGKVAPLTSEPPFMEVE,1.7464,0.3411,15
proteinmpnn_cholix_fullprotein_t10_mutconserved_sequence_11,LNVLEDCKCPCRLAPEPNKPISLSLAVPLLAKLSEGYLRFTLRVTFKEAGTAEIQFQDHVKLRITNSYESTKAPFGIAELDITTGKGVLDIKEPRKTPKIAFKFIIPIGPTSPSFVKVSFVELDENDHAKKVPVIHAVPVPVSELNTFKSTAHITVGTNEEGNTIDIRNPSIQFKAANTQGNNTESYVGDIQGQIMGLIIKDPEINEDFTMTTIKGTPANMKFKAFITDFPYELLVPNPRGKDLETMAAHLFSGIPLVTPLDMPSPTDDTSERKLYDHAVKVIAMYLSTGIPLSNFNLIREKKMHDLSDKQKEIVDNLLKLNKTHPGHVRVVLRIFHALYDQWRQHHPGKPDEEALEGMVKANILCLNRPNYLLPAVGRNPSNALLCIEGKTGDTYLTKNSARVTTQVMTNFTLDERTQIVDDLRRDGYVFVRYHGTGYALGYALYRRIFPLFFKNGDACDQKDRGLYVLNNPYRAHEYARFNKGTGLEGKYTTLEKESRGVVLAVFLPRESLTNCFKSTLPYEEDEEQISNVLGHPLPLTKDCWESPLKYNNTTKLIIGEELAVHGVMVPSTIKGNTANKTAINATQVPAEAPIASNPLYKGCG,1.7472,0.3129,16
proteinmpnn_cholix_fullprotein_t10_mutconserved_sequence_4,LNILTDCLNPCVLCPMPGQPVTLSLAIPGDIQLEEGYLAVDISIVFPEEQLAMITFEDKMKVEITNRFFSDTRPFGVIKTRLRTSFGEIWHELAKRKPAFALRIIVPIGGHSPYFIMAAVEQQDFTDCVTAVPELHVVNMSPSVRHDWPQYGQIKLSCSVPDARITVSSPAIRYAPVNRAGSWRDAWHGEQTGQCLALFVPFPKIFSPTTLTLVAGNFKPRALCSGITLDPVEIKVTFPLGNAVACLSANICGGIPLSSLWPHAIPKERTAALTLADWCIYIVKLYLQTGILLSEWLKWYRQETVFFNPERQKKWDDLYLIDAKYGNMVLTTLAIAYAIYRQYRRQHPGLMDAARDEGVIKAFILSTYCPNHNDPSTSMDGDNSQLDINGPRGSNHLPPAQARITPTGQSNFTLEAYKEVVARLLFEGFQFVNYHSPNAFHAKAQVNRIVAFIEHLDTPEEQRFRGLYVSTPAKVAHQFARIAVGHGPKNHPFEGEKQAYGVWLAVYVPKSQLSRFYESDKPIMEAEAAIEKCVDHKLPLTMDAFSGPLATGSESITIIGEERAIYAVAIPDIIPGNTYNPIPINAEALAATAEWTAAPTLKKQP,1.7472,0.3361,17
proteinmpnn_cholix_fullprotein_t10_mutconserved_sequence_1,LLLTKNCQEPCWNCPPPGNPIVQSILIDPTCNLQEGYLRFEMVLNLPESGTGIITLGQHVTVKGTNYFVDNNAPFATLSLDVTTSYGRTDFSMPRKLSRIAMRVIMPIGEGSPTFWLVGVDQLDWNDNTTTVMTLFAVNVVIEVLINTPKYGTISFNADRKNVAIQIIHPTIRIQSLDPRGSRSTAWIGASIGSCRGLFIVSPKDLRNTSLQLRSGIYYELHYSKGIEDTTIELIYPDPTGNGLATMAAHWKMGVAISDLMPTRAPRTRTRQLQLATEAQTIVRIFINTNILMTDWQKVFRDDSQDLEERKSKQMQHLYELEHKNPGLVETTLLIARNMYNQYRAVNPGLSPQAANTGAIGANIASLWNYDKLKPNTMTQGANALLHHVSQQTRERLPRERVHITHAGVSSFSFDKYNKMVNQNRADGWTFIGYHGTNWDLGYALVGLIAPLVKSANTKREQEFQGLEVMVDPRVAWKTSRMSRGTGKNGKLTFPQIAARGVMLGVFAPNNQLTKFYMSPIPIQKGKNKINDIIGHELMLKNDAWTAPIKEGGKFKTIIGYQMAIHCIVIPSVVPGNEAQATQPDTQSINEVEIRSIDPKFVYQE,1.7572,0.3195,18
proteinmpnn_cholix_fullprotein_t10_mutconserved_sequence_21,LNVLKNFQEPAVVNAAPGAPPEFSLASDVEFRIGEGYLSLPHCILTPESGTAIYRLDSKVTLQATNSPVDDNEPFGFIDLKLATKRPVKIIRKPKLYMRYMNKMLIPVAEAAPSYMLVACVELNENREIIQTPCLYAVNVGPVLLSTFSQKGTIEADVTTTGRKIATSGPSIRYMDVHTVGSDEEAWEFSASGGIEGLFVSNPAVFANTELRLIAGTPFETCLLPGIARTPFELTYPCSKGNSLSIMAASLFSGVPITSLEHHPELRRMTPGLRLARVASSIVWLFLTTGILWSLWMKLKDNKVAFLGMTNRKYYLALVALERANPFAVTVVSRISHSLYLNYRETNPGQTESAANDAVVSADIISDFCPDPTRPCTSENPQNSVLRKMGPRGRNYLPEGAVIYDPDGVRGFSLETYKKIRAALKDSGYVFIGYRGWNWALMRHHEGVITPLPRGNASPRETRYRGLWTSTVPYVAYQSSRVSQGTGVWRMYYKAQLASHGCMSAVFIPAANLARFYASRTPLFENTQGVRQVIKHELPLRLEALHAPIFLGGYPRTILGNDMAIHGVVVPRIIPGSAQKPVFPNEPAIEATRPVTEWPDWRAVQ,1.7572,0.303,19
proteinmpnn_cholix_fullprotein_t10_mutconserved_sequence_30,LSLLKTAQEPLTLTPEPGKPVPLSQAIDDIIALSEGYLVQPFRIHFSEPGTSKLLLDDHVLVRVFNEYLNATSPYGSIEVRITTPFGTQSFTTDKTTPRFANIYIRPQGAAAPAYIVYALMQLNGVGETVAIPHLYRVPVPGTWDRDADSEGILYCDVELPHRGIALAQPSCRFMSANPTGSLMDAHGGDDTGWIFGRVVSDVSIFQDTVLRAVAGNPSSLILKSGIDLKVGEYLVPHPGGNSVADLAACNTPGIPLHSLLPQLAPPPLTPQLLLAYKARDIVRLRLETFILKTEVVLVRKNEIENLDHEQANKVERIYEIDDSYACLTETVYRIAESLFRQYSENNPGLTSFELHNGAVTANSLVLTNPNVLKPATPSNPHNDNRRDNQESGKSYLPVDAAHITKGGVENLTLEWLFRIRRKLSIHGYVFVGYHGTNYITARHNVAQITYLPERNNTTEEQAYAGLRVSCDAAVSYKLSKYHSGTGKMGLPTKLELNARGCRLCVYLPRGTIKLFFSTAEGIKNARELIEKVIGCALPLRHYAFRGPEEPGGKEITLIGYGAAVHGIAVPSICPGNVKRFNAINEEAIKATAPCADEPAYQKVG,1.7574,0.3295,20
proteinmpnn_cholix_fullprotein_t10_mutconserved_sequence_10,LNIFAFCQTDCQLLPETGQPIENDRAIPSDWSLGEGWLFERLIVNAPARGLSVIQINDYVTVQIENWYLNSRIPKGIVSMTIRSSKRSKTIKWDKKTDKLAIHFCVPIGPMAPRYIIVAVEELDDDTRITRLPKLYAVPIPADSMNNWRSYGSFRVDTHYNRRGIWVQWPSIYYKAVNGEGTFEEEHKWEKEAGILGFFVADPNYYAGTNLEVVAGFPKDIKLKDGIPHDQYELRIPFDGGHSLALLAASRAFGIPLSRLMRFDSYRNRTESLKGAELAINIVERYHATGVSVASYADGLTDNISDLPPDQAQLWAGIYALDTECPFLYTEVMNIAKALYNQFKSKNPGLSDQELDNACQNSDVLNLGNMDQTRPCTARDDKNALIYIHGMAGKWFLPKGKANVTGEGLQPYSLEDFAVIVDKLKKEGYQFVGFLGSNYMAAKAFIGSLSETPRLANLSEDQRTQHLFTFWVPETAHTFSRIGRGTGRRGKFTAFEREARIYVLGVFIPQSMLEKHYGTTIPLMEAATVIEQIIRYSLPLRNNSFSGPISIGGKLRTAIGMQAAQHGVAIPSVIPGNGAEPREIDFEAVQATQPYTKQIQFCRQP,1.7577,0.3377,21
proteinmpnn_cholix_fullprotein_t10_mutconserved_sequence_15,LNILDIAQYPSWLNPHPGNQTTMVLSVPKDLKLGEGWLAYRMAIEKEAEGTACITYNNYVLLKVTNNFYNCESRFGKIEVYITTEKGTTVLAQPLNTKRNAEMIIVPMGDTAPNFMIHLFDCADENDEATKVPELLTVPVVVDMLKNFQSEGEIKYDVTTKGLTIKVQNPAICYQPLPTEGTEWQRLAGSLTAPIYGLFIDDPAYYIGTEKTLIEGTPSAVKLSSGVKRAPVELLFEAPNGNSIAVLSAALSGGVPISELEKHPKARYDSDKLKLANNAITIINTYYATKVMLSDDLKQFKNDDTNLDSTQQANFKEWYNQEKEFPYLYSTIMTIAEARQLEYFKRNPGLSDVENNNSTITANLISLGGWDNTEPVLRTRGENAPPYKEGPGGAAYLDTDAKLITREGVTGLTLADLTYIIDELRKDGYVFHGYHGTNWAWFKSLVGSPFPDPYWDNTENAQTWAGLHVSVEPHVAWWAARCTQGTGKIGDATQSVLQSKGVLLSIFMPESCLRNFYRSKVPLKDANTLIQQLIGHTLPLRLSAFRGPIMPGGHFLTIIGPDMAIYGVAIPSVIPWNSYQPLEGDDAAVEAIKAYTSEPNYKEVP,1.7629,0.3113,22
proteinmpnn_cholix_fullprotein_t10_mutconserved_sequence_19,LSVHASCQHTCSLRPTPMRPVINGLAYDPKAVLTEGFLVWSTIIEYQEPGTGYYTLNTGITVAETHHRVDDQYPFGVTEISVTTNYGTTTYSNPKLMQKMAIKFVVPVGSSSPSYIQVSVQEVDSMNNVIDVPTMYCVMKWAEVLENFRETGYGSVDTSQPDGEVTITHPSIQWRATSTNGNRDDVWAGTLTGYNLMRFVDDKAVYTDGELTTVAGTSRWISLKEGVPKKAIENLFKDPAGNSISTMAACLESGNPRSFQTIHLSPLPTTAKKAFGNTAAECIDLFVQTGIQLSDLERLFRFNVVDLPPEAQALVDKLYEIEENHWQLVTEVLRSARQMCFDYRSKNPWKSDAALGTGAAAANILSLWNPDQTVSMVCENCSNAILYRHGPRGTTYLPRGSFTISENVVTGLTITQLKAVMQALADEGYEFVGYHGDSWRRARSVVNEIYARPYADDSTADQRLQGLWVSRNPAVAHKTARVKKIHGLNLDMWEAERQAKGVMLKVFIPKTMSQRYYATAQPIREAEELIDLTIGHPLPLRLDAWEGPLEPRGPTYSCTGYEMNSHAVMYPSTIPGSHFDPPPIDMDAVRQERDISLAPDFVEQP,1.7724,0.356,23
proteinmpnn_cholix_fullprotein_t10_mutconserved_sequence_13,LNDFKNMLGKTTVSPSPGNEEVASMSVWKDIQLPEGYLAWCFIVNEQQTGTLTVKINDLVTVKITYQYIDQKAPYGEVCLAHKTAKGTHVYRWMKLTSQLAVFIIWPIGSKAYLPQIWTVAYLMQNLYIIVVPRLFYVSVNCEEQMTWPRLGEVTRSTSASGLTKNWLNPSICFKPVEQGGSVATKYDGAVTGKPFGLLIDKPDIYSSTEKIIVAGNPVLIKILPGSDVEPIEKRICEPSGNGLAVLSAKHIAGVTLAMMWGHCTQRSTSRELRLAQTAFKIVNLYIETHILSSDYKKIFELKDQEMTPAEKKKFDELQELNKKNPDLMRMVLTIAKAYYDIYTSNNVGLTNKEDTEGVIGADILSLYCPDALKPCTSQHGNNELNDVEGDWCRKEYPQNVAMITEKGVEGFDLAEYVRIVRLLRQKGFVTVGYSGTVYATAHSLINRIKPLPYRDSTERDQARAGLWVSTDPFVAHNHARTSQGTGSGGKYTEPQIDARGVMLLNTIPRAQLQRIYSSHVPIMSANLKIQAIVHHDLPLRLEGFCGPSDSGGHHVVVIGHDLAVKCKVIPSTIPGGQMKPVEINQAAIEALAGLTVEPPTVQRD,1.7793,0.3262,24
proteinmpnn_cholix_fullprotein_t10_mutconserved_sequence_16,LDIFVDCRTSCTLAPYPEAPIRLSMCTPSHVDCGEGVLSVWMEIKFEQEGTATIQYPIEITCRITNHYHDDECRDGNVTLEVTTANEVHSYTDCESTTTTRLAVLVPVGHRSPLFVLAAVIQGDAQNHATKVPTLYAAPIPGLLQLVFPRSGNIAVSVDQPDVGVTNVAPHIKYQKMPTNMNDIRSNSWLTTRQIAGRFIADAAILTQTAFTTIGGSPVALTYKAGWLDRPFELIFPNPNGNSVWDVPLTEMSGVSTAALLQRLTPQTLTPQLDLAKIFRKICENFLKTKFLLSEFTKVFKNWTQDGGPWKRKLYDSLIETQFIFPEGVRSTLEVARNHYQCFRERHPGMSLEQLHEAAVRAWILHLGNDDPNRPCVSLRSSGAIAEIEGPAGQAYLPSGKIIVTQNGKENFTLADFKSVYEKLTADGFVFIGYHGTNYTTASLKISRIIPLPLGDDTPEQQAWRGHYTATWPHIAWEYARISTGTGPNNEPTDAEKKCRGVMLAVFLPRSQLGVHFKTKIPIQDAPEKIETVIGHGLPLMNHSYQGPFTWGGLPFDIVGMDAARHGIAVPSIIMGNTFEPREIDMAACEAEASLSKEPDYQPQP,1.8004,0.3228,25
proteinmpnn_cholix_fullprotein_t10_mutconserved_sequence_9,LSMTADCLNKCDLIPLPGTPVTHSLAIKPNYIIPFGVLLMMAVIEDSKEGEARWALNQNCTVRATHFFIDKHFPMGEWKVYNVTQNGTHECSAPKLRDKFVFQFRIPVGPRSCAFMQVALAELNDQGEIVDVLTLLMIAVSENVLNMFPNSGIITVDVSVADNPVELTNVSIRYEAACVLGTEIEAWKGATEGGSLGHFVPWPDTLANTAQTTIAGNPEPLFFLPGLENRPIELTISEPNGNSTSDLAASLIAGVSLSQLMPWTTAHSLTPQLRLARAAQNIMTTYEATNILWASYLDIFNQRIQSLGPEVKEKVESLLGIEAAHPGLVRGVLTCGRAHTTAYRNQNPGLTDAEANAGATGCNITSLSNADTLRPTIGRHNGDSLALEQTTRGQSFLPSKAFHVTADGRVNFTLANKAAVIEKLQASGFVFAGWHGNPYVMAQTLIGSLVRLPTGNDQEDSQKSSGLYVSTNFQTAYKHARFTTGSGGELAFTLAQQAARGVVLSVFQPEAQLFRFCAKNHPYQQAQSLVVHIIGRDLPLKNFMFRAPLHTNGADLTIIGWMLAIKGVAIPKVKPGNAPQPLPPDVNTGQQEKPYFITPPYQVVE,1.8084,0.3195,26
proteinmpnn_cholix_fullprotein_t10_mutconserved_sequence_18,LRLLLDAQSRHVLKPTPGVPIKTSLEIDPNIRLGCGYLYLGMIGENKAKDTSIITVNSSIKVSGTNEEPDKNWGVGVIKIDIHTPEGESMFQMGKKNDTFALRIIVPKGTDAPGFCVSLVQQLDNNEDVTQYAVLSAVPVDQNKLETFVHEGYITVGVSQPKNEIKIKAPHILYAAADKSGNWIERWAYACDNRVFGLFVAAWHHEPDTDLLLVAGSPQVLNLAPGIEDDARELIVPEPDGNSATTLAAVLTAGVPLTALLDHVAKRRPTPLNRLAVNAVPVVDLYNATGISWGAVARVTNVEVEELPLPALARLQELGFRDKKAPQLVKEVLRGMRAFYWDYAKRNPGLSESELNPAAYTENIHHLSSPQYNKPCTGKTDEGDGVFRLGPSGTDYLPYGRADITEQGVGLFELAQYREAASLLKKHGYVFVGYLGTNHVFARSAVHRFFPTPFGQNSPEEQRWRGLIVSTRQRTAHASARAAQGSGPGHQQSQGELRARGVMLSVFIPRSALEKFYRSDVPGPLAEKLNESVFGHPLPLTLQAHTWPYTRGGDEVTVIGADMALHSPAIPSTIPGNAAQPLPIDEDALVMETDINAPPEWIDLP,1.8201,0.3444,27
proteinmpnn_cholix_fullprotein_t10_mutconserved_sequence_25,LDMLVQELTGHTIIPKPGDPVTESLAINQSVNLGPGTLSSSMKVNSEKKGTTNLTLGTSFKVTSTNSFKNSASPFGVITLEVTTIKGTYSYTWPKLTEKFAIRFLIPIGPFSQADIHIAVEELDDNGAVHQIPRIVSIPLSPDSLLTFKNFGFITIDISTPGRPITISDPAILFHEAPVFGSYTLSNAGITGGEVFGLFVEEPSWYWDTALKTVAGNPVAIALRWGIPKAPIELRIYDKSGNSLGTAAAVRSSGVPLASQLNVIQEREFTDEKGGSFTCSHVIPKFLAMGILPSEWNDVFLGWTGDMSMTEQPIHDDLAAIENQWPGLVYTVLKIARSLYLQFAKTHPGLSPEALPTKAATADILWLDSMDVMRPMRASYNADSILQWAGPSGRAFVPAKKAQITYKGTTGFFYRIYKLIWIWLCQQGYVFVVFHRTYFQQAKELLSQVFPLPRGNDTSAETETQGLRVLVNVKQSYDNAWFPVGTGGNMEYTMWEPAATGVALTVGIPRDNLSNLYRSDTPVDQSRDLIDSVVGHALPLKNEGFAAPLRPDGPETIYIGMEAAVHGVLISSIQKGDESGSKARDSNADEALKDFTRETPWHRVE,1.8336,0.3245,28
proteinmpnn_cholix_fullprotein_t10_mutconserved_sequence_24,LFILTTALETTELVPETGRPIELRIAIPGATTVEETFYAWYLEVIVTVPGRASIDICSRVKVSITRRFVNASAPYGNMELSVQSAFGGRVFVQPRREQRYAIVFLHPVGPMAPCHDTVAVLELDDQMRIVSVPHLWEVEVSSQEGDDWQQDGHVTVDTSVRDRPVNLIAPWISYIPSDETGSEGTRFRGQCSCDIYGQFLEDPSVFKNTAHRRVGGRAVDLFLLQGIHSDAVGMTCNVPEGNGAQVLAAALYSGVPLTMLGNWPDKLFLTEMLEEALIVERVVELYNKTGIKLAQWLFIDRNLVENLEKNKKELYDKLYELEKAHSGMIRESLSIALAIFIQYRERNPGLSEEELNAGCIGSDYLCLQCPTPTRPCTGKRRLNSLPYTSSNSGSKYLPWGKSKITEHGVKGFNHDMFIAVTNKLEEKGYVFIGYHGTNHNRARSLVGQITPHIFGMDTPVQQKYGMLSTSINFAEMWKWSRYHRGTGKNGEPTEAEIACRGVVLETYIPEATLDRLFSTPIPLLMSSSHGQKVIGHDLPLDNAAVRGPIVVGPSFKIIIGYNLAVKGVRVPSTMPGNRHKPLEPDANNKTKEIKVKQAPKWMEVQ,1.839,0.2964,29
proteinmpnn_cholix_fullprotein_t10_mutconserved_sequence_22,LNLLTDHQQTGTINPSPGCWVTQSLAIPEGQTLPEGILTFSLVVVDKRWGTATLSLMGYNGIQHTHRPHNEHAPYGKMTKNVRTKYGTVGFEEAQQTPQWRFKICIPVGSNSPSYWKVVVEQLTLDGQATEIARLDTVPVPKIDLNSCKASGTIAISVSHIGAPVTIFNPSILYTSRSTSGTNLIAWGGDLTGEALELFIQNPTIQHNFNLETVAGTPHVVKYQSGISEEPIELRVYHPGGNSIAPLCACHWSGVPLSRLLNWRSPQTITPTYRLAELNVQIVQLYLSTDILLSQWNLICNYETRMLDTTHQELWDKLFELEQCNPFGLETVLDISNSVFHGYKDKEAGLSDTELWEACSKASVLCLTQPNFKKPALPSHDKDAICDTKSPLGSGYLYFAATMETSNGVKGFSYWTRNSVAKALKEEGFQFVGYHGTSHATALSLLDIIVERVNEEDSAEDQAFRGLKVSTDPTLAWIIGRPSVGTGPGRQPTPEERNQYGVILDVWLPKELLKLFYESDIPISEAAATIEDVIGCKLPLKLNAYTAPVAEGDFKETIIGMEAARFGVMTPSHIYDKTFTMNEPNMDQIAQEKPIHNPPDVYKTD,1.8404,0.2748,30
