candidate	sequence_chain1
botul_A_mutoutside_1	NLNKENVILDLKYSNNDLVDTSGYNNTVTVSSGVTINSENVFTLTSAADSKIVVKLNPSIKFNTEYNNFSISFWIRIPAPDVDRLDDYLNNEYTVISQTKNGSGFSISIKGNTIILTLTDVNGNTASVSYTFPLTEPVSDYIARWFHITFTVDKDAAKIYVDGKLVAEADISHLGKVELDGDIVFKLDGNIAADEFIELRNFRLYNKALSEEQIKTLYKEEWESEYLKDFFGDPLKTNTEFYLLNAGAPTKYPVKKKDSPVIEIKDRKTYTKNDPRYNRLYLYEGLKFVIRKYGXXXXXXEEKVKVGDYIYLDFFLNNQEYQVYAYKYFKKEEEKLFLGPIAESKDFYSIFRILRYSEEPTTQFTLEVVKSPESNEIIGLVSISEFEEKEKGFTKKKLYLSVSKKDIEKIKKKPYDKNLLSNWQFYTEDPGYKEPP
botul_A_mutoutside_2	NLNKENVILDLQYENNDLVDKSGYNNKVDVQPGVEINDENVFTLTSAADSKIVVKLNPSIKYNTEYPNFSISFWIRIPAPKVDRLDDYLNNEYTVISQIKNGSGFSISIKGNTIILTLTDVNGNTASVSYTWPLTEPVSEYTARWFFITFTVDKDAAKIYVNGKLVAEADISHLGKVELDGDIIFKLDGNIAADEYIDLRNFRLYNKALTEEQIKTLYKEESESEYLKDFFGDPLKTNTEFYLLNAGAPTKYPVKKKDSPVIKIKDRTSYTKNDPRYNWLKLYEGLKFVIRKYGXXXXXXETKVKVGDYIYLDFFLDNQEYQVYAYKYFKKEEEKLFLGPIADSKDFYSIFRVLKYSEEPTNQFTLEVVKSPDSKEIIGYVSISEFEEKGKGFTRKELYLSISKKYIEEIKKKPYDKNLLCNWQFYTEDPGWKEPP
botul_A_mutoutside_3	DLNKKNVILDLQYENNDLVDKSGYNNKVDVQPGVEINDDNVFTLSAAADSKIVVTLNQSIKYNTTYPNFSISFWIRIPAPKVDRLDDYLNNEYTVISQIKNGSGFSISIKGNTIILTLTDDNGNVASVSYTWPLTEPVSKYIARWNFITFTVNKDEAKIYVNGKLVSSADISHLGSVSLDGNIIFKLDGNIAADEKIDLRNFRLYNTSLTEEQIKNLYKTESESEYLKDFFGDPLKYNTDFYLLNAGAPTKYPVKKKDSPVIKIKDRTAYTKNDPRYNWLRLYEGLKFRIRKYGXXXXXXETKVKVGDYVYLDFFLDNQEYQVYAYKYFKKDEEKLFLGPIADSKDFYSIFRVLRYSEEPTNYFTLEVVKSPDSEEIIGYVSIKEFEEKGKGFTRFEYYLSISKSYIEKIKVKPYDPKLLCNWQFYTEDPGWKEPP
botul_A_mutoutside_4	DINKKNVILDLQYENNDLVDKSGYNNKVDVSPGVRIDDDNVFTLSAAADSKIVVKLNQSIKYNTTYPNFSITFWIRIPFPDVDNLDAYLNNEYTVISQIKNGSGFSISIKGNTIIFTLTDDNGNVASVSYTWPLTEPVSKYGARWKFITFTVNKDEAKVYVDGKLKSSADISHLGSVSLDGNIIFKLIGNISADAYIDLRNFRIYNKSLTEEEIKNLYRTESQSEYLKDFFGDPLKTNTSFYLLNAGYPTKYPVKKKDSPVIKIKERTAYNKNDPRFNYLRLYEGLEFRIRAYGXXXXXXETTVKVGDFVYLDFFLDNQEYQVYAYRYFKKDEELLFLGPIADSDDFYSIFRVLRYNEEPTNQFTLEVVESPDSERILGLVSISEFEEKGKDFIRFELYLSISKRCIEEIKVKPYDPKLKCNWMFYTKDSGYKEPP
botul_A_mutoutside_5	GINSVNVILDLQYEDNDLVDKSGYNNKVDMSPGVRIDDDNVFTLSTAADSKIVVKLNQSIQYNTQYPNFSITFWIRIPFPDVKNLDAYLNNKYTFISNISNGSGFSISIQGNTIIFTLTDENGNVASVSYSWPLTKPVSKYGARWKFITFTVNKDEAKVYVDGKLKSSADISHLGSVSLKGNIIFKLIGNVLADAYIDVRNFRIYNKSLTEEQIKNLYYTESQSEYLKDFYGDPLKTNTSFYLLNAGAPTKYPVKKKDSPVIKIKERTARVDNDPRFNYAVLYEGLEFRIRAYGXXXXXXETTVKVGDFVYLDFFLDNQEYQVLAYRYFKKDEELLFLGPIHDSDDFYSIFRVLRYNENPTNQFTLEVVESPDSERILGLVSIKEFEMKGKDFIRFEYYLSISKRCIEEIKVKPYDPKNLCNWMFYTKDSGDKQPP
botul_A_mutoutside_6	GINSVNVVLDLQYEDNDLVDKSGYGNKVDMSPGVIINDDNVFTLSTAADSKIVVKLNQSIQYNTQYPNFSITFGIRIPFPDVKNLDAYLNNKYTFISNISNGSGFEISIQGNTIIFTLRDENGNVKSVSYSWDLTKPVSKYGARWKFITFTVNKDEIKVYVDGKLKSSQDISELGSVSLKGNIIFKLIGNVLADAKIDVRNFRIYNKSLTEEQIKNLYRTLSQTESLKDFYGDPLKYNTRFWLLNAGAPTKYPVKKEDSPVIKIKERTARVDNDPRFNYAVLYEGLEFRIRAFGXXXXXXETTVHVGDFVYLDFFLDNQEYIVLANRYFKKDEELLFLGPIHDSDEFYKTFRVLRYNENPTNQFTLEVVESPDSERILGLVSIKEFEMSGKDFIRFELYLSISKSCIEAIKVKPYDPKNLCNWMFVTEDSGFKQPP
botul_A_mutoutside_7	GINSVNVVLDLQYEDNDLVDKSGYNNKVDMSPGVIINDDNVFTISTAADSKIVVKLNQNIQYNTQYPNFSITFGIRIPFPDVKNLDAYLNNKYTFIQNIINESGFEISTQGNTIIFTLRDENGNVKSVSYSWDLTKPVSKYGARWKFITFTVNKDKIKVYVDGKLKSEQDISELSSVSLKGNLIIKLIGNVLADSKIDVKNFQIYNKSLTEEQIKNLYYTRSQTVSLKDFYGDPLKYNTRFWLLNAGAPTKYPEKKHDSPVIKIKERTARVDNDPRFNYAQLYEGLEFCIRAKGXXXXXXETTVHVGDFVDLDFFDSNQEMIVLANRYFKKDEELLFLGPIEDSDRFYKTFRVLEYNENPTNQFTLELVDSPDSERIRGLVSIKEFEMSGKDFIRFELYLSISKRCIEAIKVKPYDPKNLCNWMFITEDSSFKQPE
botul_A_mutoutside_8	GINSVNVVLDLQWEDDDLVDKSGYGNKVDMSPGVIINDDNVFTISTAADSKVVVKLNQNIQYNTQYPNFSITFGIRIPFPDVKNLEAYLNNKYTFIQNIINESGFEISTQGNTVIFTLRDENGNVKSVSYSWDLTKPVSKYGGRWKYLTFTVNKDKIKVYVDGKLNSEQDISELSSVSLTGNLIIKLIGNVLADSKIDVKNFQIYNKSLTEEQIKQKYYTDSQTVSLKDFYGDPLKYNTRFWLLNRGHPTKYPEKKHDSPVIKIKERTARVDNDMRFNYAQLYEGLEFCIRAIGXXXXXXETTVHVGDFVDLDFFDGNQEMIVLANRYFKKDEELLFLGPIHSSRRFYKTFKVLEENENPTNSFTLKVVSSPKSERIRGYVSIKEFEMSGKDFIRFELYLSISKRCIEEIKVKPYDPKNLCNWMLITEDSSFKQPE
botul_A_mutoutside_9	GINSVNVVLDLQWEDDDLVDKSGYSNNVEMRPGVIINDDNVFTISTAADSKVVVKLNQNIQYNTQYPNFSITFGIRIPFPDVKNLEAYLNNKYTFIQNIINESGFEISTQGNTVIFNLRDATGNVRSVSYSWDLTKPVSKYQGRWKYLTFTVNKSGIKVYVDGKLNSEQGISELSSVSLTGNLIIKLIGNVLASSKADVKNFQIYNKSLTEEQIKQKYYTDSQTVSLKDFYGDPMKYNKRFWLLNRGHPLKYPSVKHDSPVLKIQTRTARVDHDMRFNYAQLYEGQEFCIRHIGXXXXXXERTVHVGDFVDLDFFLGNQEMIVLANRYFKKDEELLFLGPIESSRRFYKTFRVLSFNENVTNSFTLCLVSSPKSERIRGIVSIKEVKMSGKDFIRFELVLSISKRCIEAIKVQPYDPINLCNWMLITEDSSFKPPE
botul_A_mutoutside_10	GINSVNVVLDIQWRDDDLVDMSGYSNNVEMRPGVIINDQNVFTISTAADSKVVVKLNQNIQYNTQYVNFSITFGIRIPFPDVKNLETYLNAKYTFMNNIINESGFRISTQGNKVIFTLRDATGNVRQVSYSWDLRKPVSKYQWRWKFLTFYVNKSGIKVYVDGKLNSEQGVSELSSVSLTGNLIIKLIGNVLASSKADVKNFQIYNTSLTEEQIKQKYYTHSQTVSLKDFYGDPMMYNKRNWLLNRGHPLKYPSAKHDSPVLKIQTRTARVDHDMRFNYAQLYEGQEFCIRHFQXXXXXXPRTVHVGDFVDQDFFLGNQEMIILANRYFKKDEELLFLGPIESSRRFYKTFRVLSFNENVTNSFTLCVVSSPKSERIRGIVSIKESKMSGKDFIRFELVLSISKRCIEAIKVQPYDPINLCNWMLITEDSGYKPPE
botul_A_mutoutside_11	GINSVNPVLDIQWRDDDLIDMSIYSSNTEMRPGVIMNDQNVFTISTAADSKVVVKLNRNIQYNTQYVNFSITFGIRIPFPDVKNLETYLIAKYTFMNNIINESGFRISTQGNKVIFTLRDATGNVRQVSYSWDLRKPVSKYQWRWKFLTFYVNKSGIKVYVDGKLNSEQGVSELSSVSTTGNLIIKLIGNVLASSKADVKNFQIYNTSLTEEQIKQKYYTHSRTVSLKDFYGDPMMYNKQNWRVLRGHPLIHYSAKHDSPVHKSQTRTARVDHDMRFNYAQFYEMQENCFRHFQXXXXXXPRTIHVGDFVDQDDFLGNDEMIILANRYFKKDEELLFLGPIESSRRFYKTIRTLSPNENVDNSFTLCFVSSPKSERIRGIIKIKESKMSGKDFIRFELVLSISKRCIEAIKVSPYDPISGCLGMPITEDSGYKPPE
botul_A_mutoutside_12	GINSVNPALDIQWRDDDLAMMSIYSSNTEMRPGVIMNDQNVYTISTAADSKVVVKLNRNIQYATQYVNFSITHGIRIPFPDVKNLETYLIAKYYFMQNVINESVFRIATQGNKVIFNLRDATGNVRQVSYSWDLRKPVSKYQWRWKALTYYVNNSGIKVYVDGHLNSIQGVSELSSVSTTGNLIIKLIGNMLASSKADVKNFQIYNTSLTKEQHKQKYRTHERTVSLKDFYGDPMMYNKQNWRVSRGHPLIHYSAKHDSPVHKSQTRTARVDHDMRFNYAQFYEMQENCFRHFQXXXXXXPRTIHVGDFVDQDDFLGNDEMIILNARYFKKDEELLFLEPIESSRRFCKTIRTLSPNENVDNSFTLKFVSSPKSERDRGIISLKRSKMSGKDFIRFEIVLSITKRCIEARKVSPYDPISGCLGMPITEDSGYKPPE
botul_A_mutoutside_13	GINSVNPALDIQWRDDDLAMMSIYSSNTEMRNGVIMNDQNVYTISTAADSKVVVKLNRNIQYATQYVNISQTHGIRIPFPDVKNLETYLIAKYYFMQNVINESVGRIATQGNKVIFNLRDATGNVRQVSYSWDLRKPVSKYQWRWGALTYYVNNTGIKVYVNMHSNSIQGVEELSSVSTTGILIIKLIGNMLASSKADVKNFQIYNTSLTKEQHKQKYRTHERTVSLKDFYGDPMMYNKQNWRVLRGNPLIHYSAKHDSPVHDSQTRTARVDHTMRFNYAQFLEMQENCCRHIQXXXXXXPRTIHVHDFVDQDDFLGNDEMIILNARYFKKLEELLFLEPIESSRRWCDTIRTLSPNENVDNSFLDKFYKSRKSERDRLAKKSKRSKMSGKDFIRFEIVLSITKRGNEARKVSPMIPIGGWLGMPITEDSGFKPPM
botul_A_mutoutside_14	GINSVIPALDIQWRDDDLAMMKIYSHNTKMRNGVIMNDQNVYTISTAADSKVVVKKNRNIQYAWQYVVISQTHGIRIPFPYVKNLETYLIAKYYFMQNVINESVGRIATQKNKVIFNLRDATGNVRQVSYSWDLRKPVSKYQWRWGALTYYVNNTGIKVYVNMHSNSIQGVEELSSVSTTGILRIKLIGNMLASSKADVKNFQILNTSATKENHKCKYRTHERTVSLKDFYGDPMMYNKQNWRVLRGNPLIHYSAKHDSPVHDSQTRTARVDHTMRFNYAQFLEMQENCCRHIQXXXXXXPRTIHVHLFVDQDDFLGNDEMIILNARYFKKLEELLFLEPIEWSRRWCDTIRTLSPNENVDNSFLDKFYKSRYSERDRLAKKSKRSKMSGKDFIRFEIVLSITKRGNEARKVSPMIPIGGWLGMPITEDSGFMPPM
botul_A_mutoutside_15	GISSVIPALGIQWRDDDLAMMKIYSHNTKMRNGVIMNDQNVYTISIAADSKVVVKKNRNIQYAWQGVVISQTHGIRIPFPYVKNLETYLIAKYYFMQNVINEGVGRIATQKNKVIFNLRDATGTVRQVSYSWDLRKPVSKYQWRWGALTYYRNNTGIKVYVNMHSNSIQGNEELSSVSTTGILRIKLIGNMLASSKADVKNEQGLNTSATKENHNCKYRTHERTVSLVDHYGDPMMYNKQNWRVLRGNPLIHYSAKHDSPVHDSFTETARVDHTMRFNYAQFLEMQENCCRHFQXXXXXXPRTIHVHLFVDQDDFLGNDEMIILNARYFKKLEELLFLEPIEWSRRWCDTIRTLSPNENVDNSFLDKFYKWRYSERDRLAKKSKRSKMSGKDFIRFEIVLSITKRGNEARKVSPMIPIGGWLGMPITEDSGYMPPM
botul_A_mutconserved_1	DENNKDVILDLKYSNNDLVDTSGYNNTVTVQSGVTINSNNVFTLTSDPNSKIVIKLNPSIKFNTEYNNFSISFWIRIPAPDVDRLDDYLNNEVTIISQIKNGSGFSISRKGNTIILTLTDVNGNTASVSYTFPLTEPVSDYIAKWFFITFTVDKDAAKIYVNGKLVAETDISHLGKVELNGDIVFKLDGDIAPDEFIELRNFRLYNKALSEEQIKNLYKKESESDYLKNFFGDPLKTNTEFYLLNAGAPTKYPELKENKPIIEIKDRKSYTKNDPRYNRLYLYQGLKFIIEKYGXXXXXXEELVKVGDYIYLNFYYNNEIWGLYAHKNFKGESCKVFAGPKAESEDFYSIWRVLRYSEEPTTQFQLEVVKSPESNEVIGLLTIEEFEEKEEGETKYKYYLSVSKKYIEEVKKKPYDKNLLSNWQFYTKDPGDKEPP
botul_A_mutconserved_2	DEDNKDVILDLRYSNNDLVDTSGFNNTVTVESGVTINSNNVFTLTSDSNSKITIKLNPSIKFNTEYNNFSISFWIRIPAPDVNNIDNYLNNEVTIISQIKNGSGFKISRKGNTLILELTDVNGNEASVSWTWPINEPVSEYTARWVHITFTVNKDEAKIYVDGELVSSTDITHLGKVELNGDITFKLSGNYSSDEKVQLRNFRMYNKALSEETIKNLYVKESKSDYLKNFFGDPLLTNTPFYLHNAGAPDKYPVLKENKPIIEIKDRKSYTSNDPRYNFLYLYQGLTFQIRLYGXXXXXXTSKVKVGDYIYLDFYKNNQVWQLYAHKNFKGESSIVFAGPRHKSKDFYSIWRIRRYSEEPTTQFQLECVKSPESKEIIGLLSIEEFEEKEEGETKYKYYLSVSKKYIEKVKKKPYDKNLLCNWEFITKNELWKQPP
botul_A_mutconserved_3	AENNKDVILDLRYKNNDLVDTSGFNNKVTVNSGVTINNNNIFTLTSDSNSYINITMNKSIKFNTEYPNFSVSFWIRIPMPDINNIDNYLNNKVTIISQIEDGSGFSISRKGNTLIFELTDINGNEASVEWTWDIKKPVSDFLAKWVHVTFTVNRTEAKIYVNGELVSSTDITKLGEVKLKGNITIKLNGNYSSSDKVQLRNFRMYNKALSEETIKNLYVQESRSDYLKNFFGDPLLTNTEFYLHNAGYPDKYPVLKQDKPIIEMKNREKYKSNDNRYNFLKLYQGEIFTIRLYGXXXXXXTSKVKVGDYIYLTFKKDGKTWILMAHKHFKGDSSIVFAGPINNSNDFYQIFRVARYMETPTRKFILEVVKSPTSKEIVGYLTIERFLECGPGECKYKDYLSVSKKYIEKVKKKPYDEKLNCNWEFITKNELWKEPN
botul_A_mutconserved_4	AENNKDVILDLRYKNNDLVDTSGFNNKVDVKPGVTINENNSFTLTSDANSYINITMNKSIKFNTEYNNFSVSFWIRVPWPDVNNIDNFLNNQVTIASQIEDGSGYSLSLKGNTLIFELTDINGNEASVEWTWDIKKNVDEFGAKWVHVTFTVNRTEAKIYVNGELVSSTIITKLGLVKLKGNLTFRLNGGYSSSDRVQLRDFKMYNTALSEETIKNKYVQDSRSDYLKNFFGDPLLTNTEFYLHNNGNQDSYPVLKQDKPIIEIKKREKYKSNDNRYNFNKLYQGEIFTIRRYGXXXXXXVSRVRVNDYIYLTFKKDGKVWILMAPKHFKGQSCIVFAGPFNNSNSFYQIFRVARYMETPTHAFILECVDSPTSKNIVGYLSIERFTECGPSECKYKDFLSVSKSYIEKVKKKPYDEKLNCNWEFITKNELFTEPN
botul_A_mutconserved_5	AEDNLDTILDLRYKNNDLVDTSGFNNKVTVKSGVNINNNNSFTLTSDANSAINITMNKSILYNTEYNNFSVSFWIRVPWPDVNNIDNFLSNQVTIASQIEDGSGYSLSLNGNTLIFELTDIDGNEASVEWSWDIVKNVDEFGAKWVHVTFTVNRTEAKIYVNGNLVSSTIITKLGLVKLTGNLTFKLSGGYSSSDRVQLRDFKMYNTALSEETVANKYVQSSRSDALKNFWGDPLLTNTDFYLHNNGNQDSYPKMKQDKPIIEIQKRKKYESGDNRYSFNFLKQGEIFTIRRYGXXXXXXVSVVHVGDYIFLTFKKDGKVWILMAPKHFKGQGCIVFAGPMNNSNSFYQLFKVARYMESPTHAFILMCVKDPTSKEKVGLLSIIRVTECGPSECKYKMFLSISKSALEKVKVTPSDEKLNCNFEFITDNELFTQPN
botul_A_mutconserved_6	AEDNLDTILDLRYKNRDLVDTRGFNSKVTVKPGVNINENNSFTLTSGADSAIFITMNKSILYNQEYNNFSVSWWLRVPWPNLNQRDYFLSNQVTVASQEEDGSGYSFSLNGNTVIFELTDIDGNEASVEHSWDIVKNVSEHAAKWVHHTFTVNRTEAKIYVDGNLVSSTIITKLNLVKLTDNLTFRLNGGYTSSDRVQLRDFTMWNTALSEETVARKHVQSSRSDALKNFWGDPLLTNEEFYLLNNGNQDSYPKMKQDKPIIIIQKRPKTESADNRYSFNFLKTGEIFTIRRYGXXXXXXSSVVHVNDYVFLTFKKDNKVWILMAPKMFKGQGAPVFAGPMNNSNSFMQLFQVARYMESPTHAFIMRIVDDPTSKYKRGLLSIIRVTEGGPSEPKYKMVLSISKSALEKVKVTPSDEKLNCNFEFYQKNELDTQPN
botul_A_mutconserved_7	AEDNLDTVLDLRYKARDLVDTRGFNSKVGVKPGVNINENNSFVLTSGAESAIFVTMNKSILYNTEYNNFSVSWWHRIPWPNLNQRDYFLNEQVTVASQIADGNGYQFVLNGNKVIFELTDIDGNEISVEHPFDIVKNVSEHEAKWVHHTVTVNRTEVKIYVDGNLVSSTIKTKLNLVNLTDNLTFRLNGGYTSSDRVQLRDATMWNTARSEETVARKHVQSSRSDALKNFWGDPLLTNEEFYLKLNGYQDSYPKMKQDQPIIIMQKSPKTESADNRYSFNFLKTGEIFTIRRYGXXXXXXSSVVHVNDYVFLTFKKQNKVWILMAPKMFGGQGAPVFAGPMNNSNSFMQLFMVAQYMTSPTHQFIMRIVDDPTSKYKRGVLSCIRVTEGGPSEPKYKMVLSISKSALEKMKVTPSDEKLNCNFEFIQKNELFTEPN
botul_A_mutconserved_8	AEDNLDTILDLVVKARDLVDTRGFNSKVGVKPGHNINENNSFGLTSGVESAIFVSMNKSCLLNQEYNNFSVTWCHRIPWPNLNQRDYKLIEQVTVAKQEARINGYQFVLNKNKVIFELTDIDGKETRNELPFDIVVNTSEFEAKWVHHTVTTNRTETKIYQNGNLYSSTIKTKHNLILLTDHLTFHLQGGYTSSDRVQLRDATMWNTARSEETVARKHVQSSRSDALSNFWGDPALTNECFYLKLNGNQDSVPKMKQDQPIIIMQKSPKTESADNRYSFNFLKTGEIFTIRRIGXXXXXXSSVLHVNSYVFLEFKKQNKVWILMAPKMFGGQGAPVFAFPRTNSNSFMQLFMVAQYMTSPTHQAIMRIVDDPTSKYKRGVLSCIRVTEGGPSEPGYKMVLSISKSALVKMKVTPSDEKLNCNFEFIQKNELFTEPN
botul_A_mutconserved_9	AEDNLDTILDLVVKARDLVDTRGFNSKVGVKPHHNINENNSFGLISGVKSAIFVSMNKDCLLNQEYNNFSVTWCHRVPWPQLNQRDYKLIMQSTAAKQEARINGYQFVLNKNKVNFELTDIVGKETHNYLPFDIVVNTSEFEAKWVTHNPATNETYTDIYQNGNLYSRTIKTKHNLILLTDHLTFHLQGGYTDSDRVQLRDATMWNTYRSRETVARKHVQSSRGDYLSRFWGDPALTNECFYRKLNGNQSSVPKMKQDQPIIIMQKSPKTESADNRYSFAFLKTGLIATIRRIGXXXXXXNSVIHVISKVFETFDYQNKVWILMAPIMFGGQGAPIFAFPMTNSNSFMQIMMVAQVMTSPTHQAIMRWMLDPTSKYKRGKLSCIRVTEGGPSIPGAKMVLSINKSALVKMKVTPSDEKLNCNFEYIIKNELFTEPN
botul_A_mutconserved_10	AEDNLDTVLDLVVKARDLVDTRGFNTKVGVKYHHNENENNSFGLISGVKSAIFVSMNKDCLLNQEYNNFSVTWCHRVPWPQLNQRDYKLIMQSTAAKQEARINGYQFVLNKQKVNFELTDIVGKETHNYLPFDIVVNTDEFESKWVTHNPATNETYTDIYQNGNLWSRQIKTKHNLILLTDHLTFHLQGGYTDSDRVQLRDATMWNTYRVRETVARKHVQSSRGDYLSRFWGDPALTNECFYRKLNGNQSSVPKMKQDQPIIIMQKSPKTESAVNRYSFAFLKTGLIATIYRIGXXXXXXNSRIHVISWVFEGFDKQNKVWILMAPIMFGGQGAPIFAFQRTNSNSFMQLMMVAQVMTSPTHQAIMRWRLDPTSWYKRGKLSCIRVTEGGCSIPGAKMWLSINKSALVKMKVTPSDEKLNCNFEYIIKNEGFTEHN    
