candidate	sequence_chain1
1iko	SIVLEPIYWNSSNSKFLPGQGLVLYPQIGDKLDIICPKVDSKTVGQYEYYKVYMVDKDQADRCTIKKENTPLLNCARPDQDVKFTIKFQEFSPNLWGLEFQKNKDYYIISTSNGSLEGLDNQEGGVCQTRAMKILMKVGQD
1trn	IVGGYNCEENSVPYQVSLNSGYHFCGGSLINEQWVVSAGHCYKSRIQVRLGEHNIEVLEGNEQFINAAKIIRHPQYDRKTLNNDIMLIKLSSRAVINARVSTISLPTAPPATGTKCLISGWGNTASSGADPDELQCLDAPVLSQAKCEASYPGKITSNMFCVGFLEGGKDSCQGDSGGPVVCNGQLQGVVSWGDGCAQKNKPGVYTKVYNYVKWIKNTIAANSIVGGYNCEENSVPYQVSLNSGYHFCGGSLINEQWVVSAGHCYKSRIQVRLGEHNIEVLEGNEQFINAAKIIRHPQYDRKTLNNDIMLIKLSSRAVINARVSTISLPTAPPATGTKCLISGWGNTASSGADPDELQCLDAPVLSQAKCEASYPGKITSNMFCVGFLEGGKDSCQGDSGGPVVCNGQLQGVVSWGDGCAQKNKPGVYTKVYNYVKWIKNTIAANS
1v3d	ITHDVGIKPLNPDDFWRCTSGLPSLMKTPKIRLMPGPGLLAMPTTVDGCIRTPSLVINDLIYAYTSNLITRGCQDIGKSYQVLQIGIITVNSDLVPDLNPRISHTFNINDNRKSCSLALLNTDVYQLCSTPKVDERSDYASPGIEDIVLDIVNYDGSISTTRFKNNNISFDQPYAALYPSVGPGIYYKGKIIFLGYGGLEHPINENVICNTTGCPGKTQRDCNQASHSPWFSDRRMVNSIIVVDKGLNSIPKLKVWTISMRQNYWGSEGRLLLLGNKIYIYTRSTSWHSKLQLGIIDITDYSDIRIKWTWHNVLSRPGNNECPWGHSCPDGCITGVYTDAYPLNPTGSIVSSVILDSQKSRVNPVITYSTATERVNELAILNRTLSAGYTTTSCITHYNKGYCFHIVEINHKSLNTLQPMLFKTEIPKSCSITHDVGIKPLNPDDFWRCTSGLPSLMKTPKIRLMPGPGLLAMPTTVDGCIRTPSLVINDLIYAYTSNLITRGCQDIGKSYQVLQIGIITVNSDLVPDLNPRISHTFNINDNRKSCSLALLNTDVYQLCSTPKVDERSDYASPGIEDIVLDIVNYDGSISTTRFKNNNISFDQPYAALYPSVGPGIYYKGKIIFLGYGGLEHPINENVICNTTGCPGKTQRDCNQASHSPWFSDRRMVNSIIVVDKGLNSIPKLKVWTISMRQNYWGSEGRLLLLGNKIYIYTRSTSWHSKLQLGIIDITDYSDIRIKWTWHNVLSRPGNNECPWGHSCPDGCITGVYTDAYPLNPTGSIVSSVILDSQKSRVNPVITYSTATERVNELAILNRTLSAGYTTTSCITHYNKGYCFHIVEINHKSLNTLQPMLFKTEIPKSCS
1v3d_A	ITHDVGIKPLNPDDFWRCTSGLPSLMKTPKIRLMPGPGLLAMPTTVDGCIRTPSLVINDLIYAYTSNLITRGCQDIGKSYQVLQIGIITVNSDLVPDLNPRISHTFNINDNRKSCSLALLNTDVYQLCSTPKVDERSDYASPGIEDIVLDIVNYDGSISTTRFKNNNISFDQPYAALYPSVGPGIYYKGKIIFLGYGGLEHPINENVICNTTGCPGKTQRDCNQASHSPWFSDRRMVNSIIVVDKGLNSIPKLKVWTISMRQNYWGSEGRLLLLGNKIYIYTRSTSWHSKLQLGIIDITDYSDIRIKWTWHNVLSRPGNNECPWGHSCPDGCITGVYTDAYPLNPTGSIVSSVILDSQKSRVNPVITYSTATERVNELAILNRTLSAGYTTTSCITHYNKGYCFHIVEINHKSLNTLQPMLFKTEIPKSCS
2bba	HHHHHEETLLNTKLETADLKWVTFPQVDGQWEELSGLDEEQHSVRTYEVCDVQRAPGQAHWLRTGWVPRRGAVHVYATLRFTMLECLSLPRAGRSCKETFTVFYYESDADTATALTPAWMENPYIKVDTVAAEHLTRKRPGAEATGKVNVKTLRLGPLSKAGFYLAFQDQGACMALLSLHLFYKKNYLFSPNGPIARAW
2bba_A	HHHHHEETLLNTKLETADLKWVTFPQVDGQWEELSGLDEEQHSVRTYEVCDVQRAPGQAHWLRTGWVPRRGAVHVYATLRFTMLECLSLPRAGRSCKETFTVFYYESDADTATALTPAWMENPYIKVDTVAAEHLTRKRPGAEATGKVNVKTLRLGPLSKAGFYLAFQDQGACMALLSLHLFYKK
2hle	AGHHHHHHEETLLNTKLETADLKWVTFPQVDGQWEELSGLDEEQHSVRTYEVCDVQRAPGQAHWLRTGWVPRRGAVHVYATLRFTMLECLSLPRAGRSCKETFTVFYYESDADTATALTPAWMENPYIKVDTVAAEHLTRKRPGAEATGKVNVKTLRLGPLSKAGFYLAFQDQGACMALLSLHLFYKKIVLEPIYWNSSNSKFLPGQGLVLYPQIGDKLDIICPKVDSKTVQYEYYKVYMVDKDQADRCTIKPLLNCARPDQDVKFTIKFQEFSPNLWGLEFQKNKDYYIISTSNGSLEGLDNQEGGVCQTRAMKILMKVG
2hle_A	AGHHHHHHEETLLNTKLETADLKWVTFPQVDGQWEELSGLDEEQHSVRTYEVCDVQRAPGQAHWLRTGWVPRRGAVHVYATLRFTMLECLSLPRAGRSCKETFTVFYYESDADTATALTPAWMENPYIKVDTVAAEHLTRKRPGAEATGKVNVKTLRLGPLSKAGFYLAFQDQGACMALLSLHLFYKK
2vsk	ICLQKTTSTILKPRLISEGVCITDPLLAVDNGFFAYSHLEKIGSCTRGIAKQRIIGVGEVLDRGDKVPSMFMTNVWTPPNPSTIHHCSSTYHEDFYYTLCAVSHVGDPILNSTSWTESLSLIRLAVRPDYNQKYIAITKVERGKYDKVMPYGPSGIKQGDTLYFPAVGFLPRTEFQYNDSNCPIIHCKYSKAENCRLSMGVNSKSHYILRSGLLKYNLSLIILQFIEIADNRLTIGSPSKIYNSLGQPVFYQASYSWDTMIKLGDVDTVDPLRVQWRNNSVISRPGQSQCPRFNVCPEVCWEGTYNDAFLIDRLNWVSAGVYLNSNQTAENPVFAVFKDNEILYQVPLAEDDTNAQKTITDCFLLENVIWCISLVEIYDTGDSVIRPKLFAVKIPAQCSEIVLEPIYWNSSNSKFLPGQGLVLYPQIGDKLDIICPKVYEYYKVYMVDKDQADRCTIKKENTPLLNCAKPDQDIKFTIKFQEFSPNLWGLEFQKNKDYYIISTSNGSLEGLDNQEGGVCQTRAMKILMKVGICLQKTTSTILKPRLISEGVCITDPLLAVDNGFFAYSHLEKIGSCTRGIAKQRIIGVGEVLDRGDKVPSMFMTNVWTPPNPSTIHHCSSTYHEDFYYTLCAVSHVGDPILNSTSWTESLSLIRLAVRPDYNQKYIAITKVERGKYDKVMPYGPSGIKQGDTLYFPAVGFLPRTEFQYNDSNCPIIHCKYSKAENCRLSMGVNSKSHYILRSGLLKYNLSLIILQFIEIADNRLTIGSPSKIYNSLGQPVFYQASYSWDTMIKLGDVDTVDPLRVQWRNNSVISRPGQSQCPRFNVCPEVCWEGTYNDAFLIDRLNWVSAGVYLNSNQTAENPVFAVFKDNEILYQVPLAEDDTNAQKTITDCFLLENVIWCISLVEIYDTGDSVIRPKLFAVKIPAQCSIVLEPIYWNSSNSKFLPGQGLVLYPQIGDKLDIICPKVYEYYKVYMVDKDQADRCTIKKENTPLLNCAKPDQDIKFTIKFQEFSPNLWGLEFQKNKDYYIISTSNGSLEGLDNQEGGVCQTRAMKILMKVG
2vsk_A	ICLQKTTSTILKPRLISEGVCITDPLLAVDNGFFAYSHLEKIGSCTRGIAKQRIIGVGEVLDRGDKVPSMFMTNVWTPPNPSTIHHCSSTYHEDFYYTLCAVSHVGDPILNSTSWTESLSLIRLAVRPDYNQKYIAITKVERGKYDKVMPYGPSGIKQGDTLYFPAVGFLPRTEFQYNDSNCPIIHCKYSKAENCRLSMGVNSKSHYILRSGLLKYNLSLIILQFIEIADNRLTIGSPSKIYNSLGQPVFYQASYSWDTMIKLGDVDTVDPLRVQWRNNSVISRPGQSQCPRFNVCPEVCWEGTYNDAFLIDRLNWVSAGVYLNSNQTAENPVFAVFKDNEILYQVPLAEDDTNAQKTITDCFLLENVIWCISLVEIYDTGDSVIRPKLFAVKIPAQCSE
2vsm	ICLQKTSNQILKPKLISYTLGQSGTCITDPLLAMDEGYFAYSHLERIGSCSRGVSKQRIIGVGEVLDRGDEVPSLFMTNVWTPPNPNTVYHCSAVYNNEFYYVLCAVSTVGDPILNSTYWSGSLMMTRLAVKPKSNGGGYNQHQLALRSIEKGRYDKVMPYGPSGIKQGDTLYFPAVGFLVRTEFKYNDSNCPITKCQYSKPENCRLSMGIRPNSHYILRSGLLKYNLSDGENPKVVFIEISDQRLSIGSPSKIYDSLGQPVFYQASFSWDTMIKFGDVLTVNPLVVNWRNNTVISRPGQSQCPRFNTCPEICWEGVYNDAFLIDRINWISAGVFLDSNQTAENPVFTVFKDNEILYRAQLASEDTNAQKTITNCFLLKNKIWCISLVEIYDTGDNVIRPKLFAVKIPEQCTHIVLEPIYWNSSNSKFLPGQGLVLYPQIGDKLDIICPKVDVGQYEYYKVYMVDKDQADRCTIKKENTPLLNCAKPDQDIKFTIKFQEFSPNLWGLEFQKNKDYYIISTSNGSLEGLDNQEGGVCQTRAMKILMKVGHH
2vwd	NICLQKTSNQILKPKLISTLPVVGQSGTCITDPLLAMDEGYFAYSHLERIGSCGVSKQRIIGVGEVLDRGDEVPSLFMTNVWTPPNPNTVYHCSAVYNNEFYYVLCAVSTVGDPILNSTYWSGSLMMTRLAVKPKSNGGGYNQHQLALRSIEKGRYDKVMPYGPSGIKQGDTLYFPAVGFLVRTEFKYNDSNCPITKCQYSKPENCRLSMGIRPNSHYILRSGLLKYNLSDGENPKVVFIEISDQRLSIGSPSKIYDSLGQPVFYQASFSWDTMIKFGDVLTVNPLVVNWRNNTVISRPGQSQCPRFNTCPEICWEGVYNDAFLIDRINWISAGVFLDSNQTAENPVFTVFKDNEILYRAQLASEDTNAQKTITNCFLLKNKIWCISLVEIYDTGDNVIRPKLFAVKIPEQCTNICLQKTSNQILKPKLISYTLPTCITDPLLAMDEGYFAYSHLERIGSCSRGVSKQRIIGVGEVLDRGDEVPSLFMTNVWTPPNPNTVYHCSAVYNNEFYYVLCAVSTVGDPILNSTYWSGSLMMTRLAVKPKSNGGGYNQHQLALRSIEKGRYDKVMPYGPSGIKQGDTLYFPAVGFLVRTEFKYNDSNCPITKCQYSKPENCRLSMGIRPNSHYILRSGLLKYNLSDGENPKVVFIEISDQRLSIGSPSKIYDSLGQPVFYQASFSWDTMIKFGDVLTVNPLVVNWRNNTVISRPGQSQCPRFNTCPEICWEGVYNDAFLIDRINWISAGVFLDSNQTAENPVFTVFKDNEILYRAQLASEDTNAQKTITNCFLLKNKIWCISLVEIYDTGDNVIRPKLFAVKIPEQCT
2vwd_A	NICLQKTSNQILKPKLISTLPVVGQSGTCITDPLLAMDEGYFAYSHLERIGSCGVSKQRIIGVGEVLDRGDEVPSLFMTNVWTPPNPNTVYHCSAVYNNEFYYVLCAVSTVGDPILNSTYWSGSLMMTRLAVKPKSNGGGYNQHQLALRSIEKGRYDKVMPYGPSGIKQGDTLYFPAVGFLVRTEFKYNDSNCPITKCQYSKPENCRLSMGIRPNSHYILRSGLLKYNLSDGENPKVVFIEISDQRLSIGSPSKIYDSLGQPVFYQASFSWDTMIKFGDVLTVNPLVVNWRNNTVISRPGQSQCPRFNTCPEICWEGVYNDAFLIDRINWISAGVFLDSNQTAENPVFTVFKDNEILYRAQLASEDTNAQKTITNCFLLKNKIWCISLVEIYDTGDNVIRPKLFAVKIPEQCT
2vwd_A_boltz2	NICLQKTSNQILKPKLISTLPVVGQSGTCITDPLLAMDEGYFAYSHLERIGSCGVSKQRIIGVGEVLDRGDEVPSLFMTNVWTPPNPNTVYHCSAVYNNEFYYVLCAVSTVGDPILNSTYWSGSLMMTRLAVKPKSNGGGYNQHQLALRSIEKGRYDKVMPYGPSGIKQGDTLYFPAVGFLVRTEFKYNDSNCPITKCQYSKPENCRLSMGIRPNSHYILRSGLLKYNLSDGENPKVVFIEISDQRLSIGSPSKIYDSLGQPVFYQASFSWDTMIKFGDVLTVNPLVVNWRNNTVISRPGQSQCPRFNTCPEICWEGVYNDAFLIDRINWISAGVFLDSNQTAENPVFTVFKDNEILYRAQLASEDTNAQKTITNCFLLKNKIWCISLVEIYDTGDNVIRPKLFAVKIPEQCT
2x9m_A	PNQICLQKTTSTILKPRLISYTLPINTREGVCITDPLLAVDNGFFAYSHLEKIGSCTRGIAKQRIIGVGEVLDRGDKVPSMFMTNVWTPPNPSTIHHCSSTYHEDFYYTLCAVSHVGDPILNSTSWTESLSLIRLAVRPKSDSGDYNQKYIAITKVERGKYDKVMPYGPSGIKQGDTLYFPAVGFLPRTEFQYNDSNCPIIHCKYSKAENCRLSMGVNSKSHYILRSGLLKYNLSLGGDIILQFIEIADNRLTIGSPSKIYNSLGQPVFYQASYSWDTMIKLGDVDTVDPLRVQWRNNSVISRPGQSQCPRFNVCPEVCWEGTYNDAFLIDRLNWVSAGVYLNSNQTAENPVFAVFKDNEILYQVPLAEDDTNAQKTITDCFLLENVIWCISLVEIYDTGDSVIRPKLFAVKIPAQCSE
3d11	GVSNLVGLPNNICLQKTSNQILKPKLISYTLPVVGQSGTCITDPLLAMDEGYFAYSHLERIGSCSRGVSKQRIIGVGEVLDRGDEVPSLFMTNVWTPPNPNTVYHCSAVYNNEFYYVLCAVSTVGDPILNSTYWSGSLMMTRLAVKPKSNGGGYNQHQLALRSIEKGRYDKVMPYGPSGIKQGDTLYFPAVGFLVRTEFKYNDSNCPITKCQYSKPENCRLSMGIRPNSHYILRSGLLKYNLSDGENPKVVFIEISDQRLSIGSPSKIYDSLGQPVFYQASFSWDTMIKFGDVLTVNPLVVNWRNNTVISRPGQSQCPRFNTCPEICWEGVYNDAFLIDRINWISAGVFLDSNQTAENPVFTVFKDNEILYRAQLASEDTNAQKTITNCFLLKNKIWCISLVEIYDTGDNVIRPKLFAVKIPEQCTA
3d12	EGVSNLVGLPNNICLQKTSNQILKPKLISYTLPVVGQSGTCITDPLLAMDEGYFAYSHLERIGSCSRGVSKQRIIGVGEVLDRGDEVPSLFMTNVWTPPNPNTVYHCSAVYNNEFYYVLCAVSTVGDPILNSTYWSGSLMMTRLAVKPKSNGGGYNQHQLALRSIEKGRYDKVMPYGPSGIKQGDTLYFPAVGFLVRTEFKYNDSNCPITKCQYSKPENCRLSMGIRPNSHYILRSGLLKYNLSDGENPKVVFIEISDQRLSIGSPSKIYDSLGQPVFYQASFSWDTMIKFGDVLTVNPLVVNWRNNTVISRPGQSQCPRFNTCPEICWEGVYNDAFLIDRINWISAGVFLDSNQTAENPVFTVFKDNEILYRAQLASEDTNAQKTITNCFLLKNKIWCISLVEIYDTGDNVIRPKLFAVKIPEQCTASLEPVYWNSANKRFQAEGGYVLYPQIGDRLDLLCPRARPPGPHSSPSYEFYKLYLVEGAQGRRCEAPPAPNLLLTCDRPDLDLRFTIKFQEYSPNLWGHEFRSHHDYYIIATSDGTREGLESLQGGVCLTRGMKVLLRVGQEGVSNLVGLPNNICLQKTSNQILKPKLISYTLPVVGQSGTCITDPLLAMDEGYFAYSHLERIGSCSRGVSKQRIIGVGEVLDRGDEVPSLFMTNVWTPPNPNTVYHCSAVYNNEFYYVLCAVSTVGDPILNSTYWSGSLMMTRLAVKPKSNGGGYNQHQLALRSIEKGRYDKVMPYGPSGIKQGDTLYFPAVGFLVRTEFKYNDSNCPITKCQYSKPENCRLSMGIRPNSHYILRSGLLKYNLSDGENPKVVFIEISDQRLSIGSPSKIYDSLGQPVFYQASFSWDTMIKFGDVLTVNPLVVNWRNNTVISRPGQSQCPRFNTCPEICWEGVYNDAFLIDRINWISAGVFLDSNQTAENPVFTVFKDNEILYRAQLASEDTNAQKTITNCFLLKNKIWCISLVEIYDTGDNVIRPKLFAVKIPEQCTASLEPVYWNSANKRFQAEGGYVLYPQIGDRLDLLCPRARPPGPHSSPSYEFYKLYLVEGAQGRRCEAPPAPNLLLTCDRPDLDLRFTIKFQEYSPNLWGHEFRSHHDYYIIATSDGTREGLESLQGGVCLTRGMKVLLRVGQ
3d12_A	EGVSNLVGLPNNICLQKTSNQILKPKLISYTLPVVGQSGTCITDPLLAMDEGYFAYSHLERIGSCSRGVSKQRIIGVGEVLDRGDEVPSLFMTNVWTPPNPNTVYHCSAVYNNEFYYVLCAVSTVGDPILNSTYWSGSLMMTRLAVKPKSNGGGYNQHQLALRSIEKGRYDKVMPYGPSGIKQGDTLYFPAVGFLVRTEFKYNDSNCPITKCQYSKPENCRLSMGIRPNSHYILRSGLLKYNLSDGENPKVVFIEISDQRLSIGSPSKIYDSLGQPVFYQASFSWDTMIKFGDVLTVNPLVVNWRNNTVISRPGQSQCPRFNTCPEICWEGVYNDAFLIDRINWISAGVFLDSNQTAENPVFTVFKDNEILYRAQLASEDTNAQKTITNCFLLKNKIWCISLVEIYDTGDNVIRPKLFAVKIPEQCTA
3gxu	NEVTLLDSRSVQGELGWIASPLEGGWEEVSIMDEKNTPIRTYQVCNVMEPSQNNWLRTDWITREGAQRVYIEIKFTLRDCNSLPGTCKETFNLYYYESDNDKERFIENQFVKIDTIAADESFTQVDIGDRIMKLNTEIRDVGPLSKKGFYLAFQDVGACIALVSVRVFYKKSIVLEPIYWNSSNSKFLPGQGLVLYPQIGDKLDIICPKVTVQYEYYKVYMVDKDQADRCTIKENTPLLNCAKPDQDIKFTIKFQEFSPNLWGLEFQKNKDYYIISTSNGSLEGLDNQEGGVCQTRAMKILMKVGQDAS
4wwy	IVGGYNCEENSVPYQVSLNSGYHFCGGSLINEQWVVSAGHCYKSRIQVRLGEHNIEVLEGNEQFINAAKIIRHPQYDRKTLNNDIMLIKLSSRAVINAHVSTISLPTAPPATGTKCLISGWGNTASSGADYPDELQCLDAPVLSQAKCEASYPGKITSNMFCVGFLEGGKDSCQRDSGGPVVCNGQLQGVVSWGDGCAQKNKPGVYTKVYNYVKWIKNTIAANSIVGGYNCEENSVPYQVSLNSGYHFCGGSLINEQWVVSAGHCYKSRIQVRLGEHNIEVLEGNEQFINAAKIIRHPQYDRKTLNNDIMLIKLSSRAVINAHVSTISLPTAPPATGTKCLISGWGNTASSGADYPDELQCLDAPVLSQAKCEASYPGKITSNMFCVGFLEGGKDSCQRDSGGPVVCNGQLQGVVSWGDGCAQKNKPGVYTKVYNYVKWIKNTIAANSRPDFCLEPPYTGPCKARIIRYFYNAKAGLCQTFVYGGCRAKRNNFKSAEDCMRTCGGARPDFCLEPPYTGPCKARIIRYFYNAKAGLCQTFVYGGCRAKRNNFKSAEDCMRTCGGA
5kv9	RITHDVGIKPLNPDDFWRCTSGLPSLMKTPKIRLMPGPGLLAMPTTVDGCVRTPSLVINDLIYAYTSNLITRGCQDIGKSYQVLQIGIITVNSDLVPDLNPRISHTFNINDNRKSCSLALLNTDVYQLCSTPKVDERSDYASSGIEDIVLDIVNHDGSISTTRFKNNNISFDQPYAALYPSVGPGIYYKGKIIFLGYGGLEHPINENAICNTTGCPGKTQRDCNQASHSPWFSDRRMVNSIIVVDKNSIPKLKVWTISMRQNYWGSEGRLLLLGNKIYIYTRSTSWHSKLQLGIIDITDYSDIRIKWTWHNVLSRPGNNECPWGHSCPDGCITGVYTDAYPLNPTGSIVSSVILDSQKSRVNPVITYSTATERVNELAIRNKTLSAGYTTTSCITHYNKGYCFHIVEINHKSLDTFQPMLFKTEIPKSCS
5nop	TTIKPIEYPKDHFTMEPGANFYTVPNLGPASSNSDECYTNPSFSIGSSIYMFSQEIRKTDCTAGEILSIQIVLGRIVDKGQQGPQASPLLVWAVPNPKIINSCAVAAGDEMGWVLCSVTLTAASGEPIPHMFDGFWLYKLEPDTEVVSYRITGYAYLLDKQYDSVFIGKGGGIQKGNDLYFQMYGLSRNRQSFKALCEHGSCLGTGGGGYQVLCDRAVMSFGSEESLITNAYLKVNDLASGKPVIIGQTFPPSDSYKGSNGRMYTIGDKYGLYLAPSSWNRYLRFGITPDISVRSTTWLKSQDPIMKILSTCTNTDRDMCPEICNTRGYQDIFPLSEDSEYYTYIGITPNNGGTKNFVAVRDSDGHIASIDILQNYYSITSATISCFMYKDEIWCIAITEGKKQKDNPQRIYAHSYKIRQMCYTIKPIEYPKPGCNRTGDHFTMEPGANFYTVPNLGPASSNSDECYTNPSFSIGSSIYMFSQEIRKTDCTAGEILSIQIVLGRIVDKGQQGPQASPLLVWAVPNPKIINSCAVAAGDEMGWVLCSVTLTAASGEPIPHMFDGFWLYKLEPDTEVVSYRITGYAYLLDKQYDSVFIGKGGGIQKGNDLYFQMYGLSRNQSFKALCEHGSCLGTGGGGYQVLCDRAVMSFGSEESLITNAYLKVNDLASGKPVIIGQTFPPSDSYKGSNGRMYTIGDKYGLYLAPSSWNRYLRFGITPDISVRSTTWLKSQDPIMKILSTCTNTDRDMCPEICNTRGYQDIFPLSEDSEYYTYIGITPNNGGTKNFVAVRDSDGHIASIDILQNYYSITSATISCFMYKDEIWCIAITEGKKQKDNPQRIYAHSYKIRQMCYNTVTVG
6cmg	QGVSDLVGLPNQICLQKTTSTILKPRLISYTLPINTREGVCITDPLLAVDNGFFAYSHLEKIGSCTRGIAKQRIIGVGEVLDRGDKVPSMFMTNVWTPPNPSTIHHCSSTYHEDFYYTLCAVSHVGDPILNSTSWTESLSLIRLAVRPKSDSGDYNQKYIAITKVERGKYDKVMPYGPSGIKQGDTLYFPAVGFLPRTEFQYNDSNCPIIHCKYSKAENCRLSMGVNSKSHYILRSGLLKYNLSLGGDIILQFIEIADNRLTIGSPSKIYNSLGQPVFYQASYSWDTMIKLGDVDTVDPLRVQWRNNSVISRPGQSQCPRFNVCPEVCWEGTYNDAFLIDRLNWVSAGVYLNSNQTAENPVFAVFKDNEILYQVPLAEDDTNAQKTITDCFLLENVIWCISLVEIYDTGDSVIRPKLFAVKIPAQCSEEIVMTQSPGTPSLSPGERATLSCRASQSIRSTYLAWYQQKPGQAPRLLIYGASSRATGIPDRFSGSGSGTDFTLTISRLEPEDFAVYYCQQYGRSPSFGQGTKVEIKRTVAAPSVFIFPPGTASVVCLLNNFYPREAKVQWKVDNALQSGNSQESVTEQDSKDSTYSLSSTLTLSKADYEKHKLYACEVTHQGLSSPVTKSFNRGEEVQLVQSGAEVKKRGSSVKVSCKSSGGTFSNYAINWVRQAPGQGLEWMGGIIPILGIANYAQKFQGRVTITTDESTSTAYMELSSLRSEDTAVYYCARGWGREQLAPHPSQYYYYYYGMDVWGQGTTVTVSSASTKGPSVFPLAPGGTAALGCLVKDYFPEPVTVSWNSGALTSGVHTFPAVLQSSGLYSLSSVVTVPSSSLGTQTYICNVNHKPSNTKVDKKVEP
6cmg_A	QGVSDLVGLPNQICLQKTTSTILKPRLISYTLPINTREGVCITDPLLAVDNGFFAYSHLEKIGSCTRGIAKQRIIGVGEVLDRGDKVPSMFMTNVWTPPNPSTIHHCSSTYHEDFYYTLCAVSHVGDPILNSTSWTESLSLIRLAVRPKSDSGDYNQKYIAITKVERGKYDKVMPYGPSGIKQGDTLYFPAVGFLPRTEFQYNDSNCPIIHCKYSKAENCRLSMGVNSKSHYILRSGLLKYNLSLGGDIILQFIEIADNRLTIGSPSKIYNSLGQPVFYQASYSWDTMIKLGDVDTVDPLRVQWRNNSVISRPGQSQCPRFNVCPEVCWEGTYNDAFLIDRLNWVSAGVYLNSNQTAENPVFAVFKDNEILYQVPLAEDDTNAQKTITDCFLLENVIWCISLVEIYDTGDSVIRPKLFAVKIPAQCSE
6cmi	QGVSDLVGLPNQICLQKTTSTILKPRLISYTLPINTREGVCITDPLLAVDNGFFAYSHLEKIGSCTRGIAKQRIIGVGEVLDRGDKVPSMFMTNVWTPPNPSTIHHCSSTYHEDFYYTLCAVSHVGDPILNSTSWTESLSLIRLAVRPKSDSGDYNQKYIAITKVERGKYDKVMPYGPSGIKQGDTLYFPAVGFLPRTEFQYNDSNCPIIHCKYSKAENCRLSMGVNSKSHYILRSGLLKYNLSLGGDIILQFIEIADNRLTIGSPSKIYNSLGQPVFYQASYSWDTMIKLGDVDTVDPLRVQWRNNSVISRPGQSQCPRFNVCPEVCWEGTYNDAFLIDRLNWVSAGVYLNSNQTAENPVFAVFKDNEILYQVPLAEDDTNAQKTITDCFLLENVIWCISLVEIYDTGDSVIRPKLFAVKIPAQCSEEIVMTQSPGTPSLSPGERATLSCRASQSIRSTYLAWYQQKPGQAPRLLIYGASSRATGIPDRFSGSGSGTDFTLTISRLEPEDFAVYYCQQYGRSPSFGQGTKVEIKRTVAAPSVFIFPPSDEQLKSGTASVVCLLNNFYPREAKVQWKVDNALQSGNSQESVTEQDSKDSTYSLSSTLTLSKADYEKHKLYACEVTHQGLSSPVTKSFNRGEEVQLVQSGAEVKKRGSSVKVSCKSSGGTFSNYAINWVRQAPGQGLEWMGGIIPILGIANYAQKFQGRVTITTDESTSTAYMELSSLRSEDTAVYYCARGWGREQLAPHPSQYYYYYYGMDVWGQGTTVTVSSASTKGPSVFPLAPSGGTAALGCLVKDYFPEPVTVSWNSGALTSGVHTFPAVLQSSGLYSLSSVVTVPSSSLGTQTYICNVNHKPSNTKVDKKVEPK
6p72	STNAYAELAGPPKIFCKSVSKDPDFRLKQIDYVIPVQQDRSICMNNPLLDISDGFFTYIHYEGINSCKKSDSFKVLLSHGEIVDRGDYRPSLYLLSSHYHPYSMQVINCVPVTCNQSSFVFCHISNNTKTLDNSDYSSDEYYITYFNGIDRPKTKKIPINNMTADNRYIHFTFSGGGGVCLGEEFIIPVTTVINTDVFTHDYCESFNCSVQTGKSLKEICSESLRSPTNSSRYNLNGIMIISQNNMTDFKIQLNGITYNKLSFGSPGRLSKTLGQVLYYQSSMSWDTYLKAGFVEKWKPFTPNWMNNTVISRPNQGNCPRYHKCPEICYGGTYNDIAPLDLGKDMYVSVILDSDQLAENPEITVFNSTTILYKERVSKDELNTRSTTTSCFLFLDEPWCISVLETNRFNGKSIRPEIYSYKIPKYCSTNAYAELAGPPKIFCKSVSKDPDFRLKQIDYVIPVQQDRSICMNNPLLDISDGFFTYIHYEGINSCKKSDSFKVLLSHGEIVDRGDYRPSLYLLSSHYHPYSMQVINCVPVTCNQSSFVFCHISNNTKTLDNSDYSSDEYYITYFNGIDRPKTKKIPINNMTADNRYIHFTFSGGGGVCLGEEFIIPVTTVINTDVFTHDYCESFNCSVQTGKSLKEICSESLRSPTNSSRYNLNGIMIISQNNMTDFKIQLNGITYNKLSFGSPGRLSKTLGQVLYYQSSMSWDTYLKAGFVEKWKPFTPNWMNNTVISRPNQGNCPRYHKCPEICYGGTYNDIAPLDLGKDMYVSVILDSDQLAENPEITVFNSTTILYKERVSKDELNTRSTTTSCFLFLDEPWCISVLETNRFNGKSIRPEIYSYKIPKYC
6p72_A	STNAYAELAGPPKIFCKSVSKDPDFRLKQIDYVIPVQQDRSICMNNPLLDISDGFFTYIHYEGINSCKKSDSFKVLLSHGEIVDRGDYRPSLYLLSSHYHPYSMQVINCVPVTCNQSSFVFCHISNNTKTLDNSDYSSDEYYITYFNGIDRPKTKKIPINNMTADNRYIHFTFSGGGGVCLGEEFIIPVTTVINTDVFTHDYCESFNCSVQTGKSLKEICSESLRSPTNSSRYNLNGIMIISQNNMTDFKIQLNGITYNKLSFGSPGRLSKTLGQVLYYQSSMSWDTYLKAGFVEKWKPFTPNWMNNTVISRPNQGNCPRYHKCPEICYGGTYNDIAPLDLGKDMYVSVILDSDQLAENPEITVFNSTTILYKERVSKDELNTRSTTTSCFLFLDEPWCISVLETNRFNGKSIRPEIYSYKIPKYC
6pd4	QGVSDLVGLPNQICLQKTTSTILKPRLISYTLPINTREGVCITDPLLAVDNGFFAYSHLEKIGSCTRGIAKQRIIGVGEVLDRGDKVPSMFMTNVWTPPNPSTIHHCSSTYHEDFYYTLCAVSHVGDPILNSTSWTESLSLIRLAVRPKSDSGDYNQKYIAITKVERGKYDKVMPYGPSGIKQGDTLYFPAVGFLPRTEFQYNDSNCPIIHCKYSKAENCRLSMGVNSKSHYILRSGLLKYNLSLGGDIILQFIEIADNRLTIGSPSKIYNSLGQPVFYQASYSWDTMIKLGDVDTVDPLRVQWRNNSVISRPGQSQCPRFNVCPEVCWEGTYNDAFLIDRLNWVSAGVYLNSNQTAENPVFAVFKDNEILYQVPLAEDDTNAQKTITDCFLLENVIWCISLVEIYDTGDSVIRPKLFAVKIPAQCSESGRGLVPRQGVSDLVGLPNQICLQKTTSTILKPRLISYTLPINTREGVCITDPLLAVDNGFFAYSHLEKIGSCTRGIAKQRIIGVGEVLDRGDKVPSMFMTNVWTPPNPSTIHHCSSTYHEDFYYTLCAVSHVGDPILNSTSWTESLSLIRLAVRPKSDSGDYNQKYIAITKVERGKYDKVMPYGPSGIKQGDTLYFPAVGFLPRTEFQYNDSNCPIIHCKYSKAENCRLSMGVNSKSHYILRSGLLKYNLSLGGDIILQFIEIADNRLTIGSPSKIYNSLGQPVFYQASYSWDTMIKLGDVDTVDPLRVQWRNNSVISRPGQSQCPRFNVCPEVCWEGTYNDAFLIDRLNWVSAGVYLNSNQTAENPVFAVFKDNEILYQVPLAEDDTNAQKTITDCFLLENVIWCISLVEIYDTGDSVIRPKLFAVKIPAQCSES
6pdl_A	ISQGVSDLVGLPNQICLQKTTSTILKPRLISEGVCITDPLLAVDNGFFAYSHLEKIGSCTRGIAKQRIIGVGEVLDRGDKVPSMFMTNVWTPPNPSTIHHCSSTYHEDFYYTLCAVSHVGDPILNSTSWTESLSLIRLAVRPKSDSGDYNQKYIAITKVERGKYDKVMPYGPSGIKQGDTLYFPAVGFLPRTEFQYNDSNCPIIHCKYSKAENCRLSMGVNSKSHYILRSGLLKYNLSLGGDIILQFIEIADNRLTIGSPSKIYNSLGQPVFYQASYSWDTMIKLGDVDTVDPLRVQWRNNSVISRPGQSQCPRFNVCPEVCWEGTYNDAFLIDRLNWVSAGVYLNSNQTAENPVFAVFKDNEILYQVPLAEDDTNAQKTITDCFLLENVIWCISLVEIYDTGDSVIRPKLFAVKIPAQCS
6vy5	EVQLLESGGGLIQPGGSLRLSCAASGFTFSRFTMSWVRQPPGKGPEWVSGISGSGGHTYYADSVKGRFTISRDNSKNTLYLQMNSLKAEDTAVYYCAKDGFVGQQLMRRGPWWFDPWGQGTLVTVSSASTKGPSVFPLAPALGCLVKDYFPEPVTVSWNSGALTSGVHTFPAVLQSSGLYSLSSVVTVPSSSLGTQTYICNVNHKPSNTKVDKKVEPKSYVLTQPPSVSVAPGQTARISCGGNNIGNKGVHWYQQKPGQAPVVVVYDDSDRPSGIPERFSGSNSGNTATLTISRVEAGDEADYYCQVWDSSSDHVVFGGGTKLTVLGQPKANPTVTLFPPSSEELQANKATLVCLISDFYPGAVTVAWKADGSPVKVETTKPSKQSNNKYAASSYLSLTPEQWKSHRSYSCQVTHEGSTVEKTVAPNNICLQKTSNQILKPKLISYTLPVVGQSGTCITDPLLAMDEGYFAYSHLERSKQRIIGVGEVLDRGDEVPSLFMTNVWTPPNPNTVYHCSAVYNNEFYYVLCAVSTVGDPILNSTYWSGSLMMTRLAVKPKSNGGGYNQHQLALRSIEKGRYDKVMPYGPSGIKQGDTLYFPAVGFLVRTEFKYNDSNCPITKCQYSKPENCRLSMGIRPNSHYILRSGLLKYNLSDGENPKVVFIEISDQRLSIGSPSKIYDSLGQPVFYQASFSWDTMIKFGDVLTVNPLVVNWRNNTVISRPGQSQCPRFNTCPEICWEGVYNDAFLIDRINWISAGVFLDSNQTAENPVFTVFKDNEILYRAQLASEDTNAQKTITNCFLLKNKIWCISLVEIYDTGDNVIRPKLFAVKIPEQCT
7syy	GVSDLVGLPNQICLQKTTSTILKPRLISYVCITDPLLAVDNGFFAYSHLEKIGSCTRGIAKQRIIGVGEVLDRGDKVPSMFMTNVWTPPNPSTIHHCSSTYHEDFYYTLCAVSHVGDPILNSTSWTESLSLIRLAVRPKSDSGDYNQKYIAITKVERGKYDKVMPYGPSGIKQGDTLYFPAVGFLPRTEFQYNDSNCPIIHCKYSKAENCRLSMGVNSKSHYILRSGLLKYNLSLGGDIILQFIEIADNRLTIGSPSKIYNSLGQPVFYQASYSWDTMIKLGDVDTVDPLRVQWRNNSVISRPGQSQCPRFNVCPEVCWEGTYNDAFLIDRLNWVSAGVYLNSNQTAENPVFAVFKDNEILYQVPLAEDDTNAQKTITDCFLLENVIWCISLVEIYVIRPKLFAVKIPAQCSEQIQLVQSGPELKKPGETVKISCTTSGYTFTNYGLNWVKQAPGKGFKWMAWINTYTGEPTYADDFKGRFAFSLETSASTTYLQINNLKNEDMSTYFCARSGYYDGLKAMDYWGQGTSVTVSSAKTTPPSVYPLAPGNSMVTLGCLVKGYFPEPVTVTWNSGSLSSGVHTFPAVLQSDLYTLSSSVTVPSSTWPSETVTCNVAHPASSTKVDKKIVPRDCDVLMIQTPLSLPVSLGDQASISCRSSQSLIHINGNTYLEWYLQKPGQSPKLLIYKVSNRFSGVPDRFSGSGSGTDFTLKISRVEAEDLGVYYCFQGSHVPFTFGAGTKLELKRADAAPTVSIFPPSSEQLTSGGASVVCFLNNFYPKDINVKWKIDGSERQNGVLNSWTDQDSKDSTYSMSSTLTLTKDEYERHNSYTCEATHKTSTSPIVKSFNRNE
7syy_A	GVSDLVGLPNQICLQKTTSTILKPRLISYVCITDPLLAVDNGFFAYSHLEKIGSCTRGIAKQRIIGVGEVLDRGDKVPSMFMTNVWTPPNPSTIHHCSSTYHEDFYYTLCAVSHVGDPILNSTSWTESLSLIRLAVRPKSDSGDYNQKYIAITKVERGKYDKVMPYGPSGIKQGDTLYFPAVGFLPRTEFQYNDSNCPIIHCKYSKAENCRLSMGVNSKSHYILRSGLLKYNLSLGGDIILQFIEIADNRLTIGSPSKIYNSLGQPVFYQASYSWDTMIKLGDVDTVDPLRVQWRNNSVISRPGQSQCPRFNVCPEVCWEGTYNDAFLIDRLNWVSAGVYLNSNQTAENPVFAVFKDNEILYQVPLAEDDTNAQKTITDCFLLENVIWCISLVEIYVIRPKLFAVKIPAQCSE
8vf1	NQICLQKTTSTILKPRLISYTLPINTREGVCITDPLLAVDNGFFAYSHLEKIGSCTRGIAKQRIIGVGEVLDRGDKVPSMFMTNVWTPPNPSTIHHCSSTYHEDFYYTLCAVSHVGDPILNSTSWTESLSLIRLAVRPKSDSGDYNQKYIAITKVERGKYDKVMPYGPSGIKQGDTLYFPAVGFLPRTEFQYNDSNCPIIHCKYSKAENCRLSMGVNSKSHYILRSGLLKYNLSLGGDIILQFIEIADNRLTIGSPSKIYNSLGQPVFYQASYSWDTMIKLGDVDTVDPLRVQWRNNSVISRPGQSQCPRFNVCPEVCWEGTYNDAFLIDRLNWVSAGVYLNSNQTAENPVFAVFKDNEILYQVPLAEDDTNAQKTITDCFLLENVIWCISLVEIYDTGDSVIRPKLFAVKIPAQCSEPNQICLQKTTSTILKPRLISYTLPINTREGVCITDPLLAVDNGFFAYSHLEKIGSCTRGIAKQRIIGVGEVLDRGDKVPSMFMTNVWTPPNPSTIHHCSSTYHEDFYYTLCAVSHVGDPILNSTSWTESLSLIRLAVRPKSDSGDYNQKYIAITKVERGKYDKVMPYGPSGIKQGDTLYFPAVGFLPRTEFQYNDSNCPIIHCKYSKAENCRLSMGVNSKSHYILRSGLLKYNLSLGGDIILQFIEIADNRLTIGSPSKIYNSLGQPVFYQASYSWDTMIKLGDVDTVDPLRVQWRNNSVISRPGQSQCPRFNVCPEVCWEGTYNDAFLIDRLNWVSAGVYLNSNQTAENPVFAVFKDNEILYQVPLAEDDTNAQKTITDCFLLENVIWCISLVEIYDTGDSVIRPKLFAVKIPAQCS
8vf1_A	NQICLQKTTSTILKPRLISYTLPINTREGVCITDPLLAVDNGFFAYSHLEKIGSCTRGIAKQRIIGVGEVLDRGDKVPSMFMTNVWTPPNPSTIHHCSSTYHEDFYYTLCAVSHVGDPILNSTSWTESLSLIRLAVRPKSDSGDYNQKYIAITKVERGKYDKVMPYGPSGIKQGDTLYFPAVGFLPRTEFQYNDSNCPIIHCKYSKAENCRLSMGVNSKSHYILRSGLLKYNLSLGGDIILQFIEIADNRLTIGSPSKIYNSLGQPVFYQASYSWDTMIKLGDVDTVDPLRVQWRNNSVISRPGQSQCPRFNVCPEVCWEGTYNDAFLIDRLNWVSAGVYLNSNQTAENPVFAVFKDNEILYQVPLAEDDTNAQKTITDCFLLENVIWCISLVEIYDTGDSVIRPKLFAVKIPAQCSE
8wjb	CNKTNDHFTMQPGVNFYTVPNLGPSSSSADECYTNPSFSIGSSIYMFSQEIRKTDCTTGEILSIQIVLGRIVDKGQQGPQASPLLVWSVPNPKIINSCAVAAGDETGWVLCSVTLTAASGEPIPHMFDGFWLYKFEPDTEVVAYRITGFAYLLDKVYDSVFIGKGGGIQRGNDLYFQMFGLSRNRQSIKALCEHGSCLGTGGGGYQVLCDRAVMSFGSEESLISNAYLKVNDVASGKPTIISQTFPPSDSYKGSNGRIYTIGERYGIYLAPSSWNRYLRFGLTPDISVRSTTWLKEKDPIMKVLTTCTNTDKDMCPEICNTRGYQDIFPLSEDSSFYTYIGITPSNEGTKSFVAVKDDAGHVASITILPNYYSITSATISCFMYKEEIWCIAVTEGRKQKENPQRIYAHSYRVQKMCFHPGCNKTNDHFTMQPGVNFYTVPNLGPSSSSADECYTNPSFSIGSSIYMFSQEIRKTDCTTGEILSIQIVLGRIVDKGQQGPQASPLLVWSVPNPKIINSCAVAAGDETGWVLCSVTLTAASGEPIPHMFDGFWLYKFEPDTEVVAYRITGFAYLLDKVYDSVFIGKGGGIQRGNDLYFQMFGLSRNRQSIKALCEHGSCLGTGGGGYQVLCDRAVMSFGSEESLISNAYLKVNDVASGKPTIISQTFPPSDSYKGSNGRIYTIGERYGIYLAPSSWNRYLRFGLTPDISVRSTTWLKEKDPIMKVLTTCTNTDKDMCPEICNTRGYQDIFPLSEDSSFYTYIGITPSNEGTKSFVAVKDDAGHVASITILPNYYSITSATISCFMYKEEIWCIAVTEGRKQKENPQRIYAHSYRVQKMCFH
9dvd	ISQGVSDLVGLPNQICLQKTTSTILKPRLEGVCITDPLLAVDNGFFAYSHLEKIGSCTRGIAKQRIIGVGEVLDRGDKVPSMFMTNVWTPPNPSTIHHCSTYHEDFYYTLCAVSHVGDPILNSTSWTESLSLIRLAVRPKSDSGDYNQKYIAITKVERGKYDKVMPYGPSGIKQGDTLYFPAVGFLPRTEFQYNDSNCPIIHCKYSKAENCRLSMGVNSKSHYILRSGLLKYNLSLIILQFIEIADNRLTIGSPSKIYNSLGQPVFYQASYSWDTMIKLGDVDTVDPLRVQWRNNSVISRPGQSQCPRFNVCPEVCWEGTYNDAFLIDRLNWVSAGVYLNSNQTAENPVFAVFKDNEILYQVPLAEDDTNAQKTITDCFLLENVIWCISLVEIYDVIRPKLFAVKIPAQCSSIVLEPIYWNSSNSKFLPGQGLVLYPQIGDKLDIICPYYKVYMVDKDQADRCTITPLLNCQDIKFTIKFQEFSPNLWGLEFQKNKDYYIISTSNGSVCQTRAMKILMKVQVQLVQSGSELKKPGASVKVSCKASGYTFTSYAVNWVRQAPGQGLEWVGWMSTNTGDPIYAQGFTGRFVFSLDTSVSTAYLQISSLKAEDSGVYYCAREGLRGRAFDIWGQGTMVTVSSASYELTQPPSVSVSPGQTARITCSGDKLGDKYAAWYQQKPGQSPVLVIYQNTKRPSGIPERFSGSSSGNTATLTISGTQAMDEADYFCQAWDSRTNWVFGGGTKLTVLG
9dvd_A	ISQGVSDLVGLPNQICLQKTTSTILKPRLEGVCITDPLLAVDNGFFAYSHLEKIGSCTRGIAKQRIIGVGEVLDRGDKVPSMFMTNVWTPPNPSTIHHCSTYHEDFYYTLCAVSHVGDPILNSTSWTESLSLIRLAVRPKSDSGDYNQKYIAITKVERGKYDKVMPYGPSGIKQGDTLYFPAVGFLPRTEFQYNDSNCPIIHCKYSKAENCRLSMGVNSKSHYILRSGLLKYNLSLIILQFIEIADNRLTIGSPSKIYNSLGQPVFYQASYSWDTMIKLGDVDTVDPLRVQWRNNSVISRPGQSQCPRFNVCPEVCWEGTYNDAFLIDRLNWVSAGVYLNSNQTAENPVFAVFKDNEILYQVPLAEDDTNAQKTITDCFLLENVIWCISLVEIYDVIRPKLFAVKIPAQCS
A_B_b2	ICLQKTSNQILKPKLISYTLGQSGTCITDPLLAMDEGYFAYSHLERIGSCSRGVSKQRIIGVGEVLDRGDEVPSLFMTNVWTPPNPNTVYHCSAVYNNEFYYVLCAVSTVGDPILNSTYWSGSLMMTRLAVKPKSNGGGYNQHQLALRSIEKGRYDKVMPYGPSGIKQGDTLYFPAVGFLVRTEFKYNDSNCPITKCQYSKPENCRLSMGIRPNSHYILRSGLLKYNLSDGENPKVVFIEISDQRLSIGSPSKIYDSLGQPVFYQASFSWDTMIKFGDVLTVNPLVVNWRNNTVISRPGQSQCPRFNTCPEICWEGVYNDAFLIDRINWISAGVFLDSNQTAENPVFTVFKDNEILYRAQLASEDTNAQKTITNCFLLKNKIWCISLVEIYDTGDNVIRPKLFAVKIPEQCTHIVLEPIYWNSSNSKFLPGQGLVLYPQIGDKLDIICPKVDVGQYEYYKVYMVDKDQADRCTIKKENTPLLNCAKPDQDIKFTIKFQEFSPNLWGLEFQKNKDYYIISTSNGSLEGLDNQEGGVCQTRAMKILMKVGHH
A_B_b2_noPTM	ICLQKTSNQILKPKLISYTLGQSGTCITDPLLAMDEGYFAYSHLERIGSCSRGVSKQRIIGVGEVLDRGDEVPSLFMTNVWTPPNPNTVYHCSAVYNNEFYYVLCAVSTVGDPILNSTYWSGSLMMTRLAVKPKSNGGGYNQHQLALRSIEKGRYDKVMPYGPSGIKQGDTLYFPAVGFLVRTEFKYNDSNCPITKCQYSKPENCRLSMGIRPNSHYILRSGLLKYNLSDGENPKVVFIEISDQRLSIGSPSKIYDSLGQPVFYQASFSWDTMIKFGDVLTVNPLVVNWRNNTVISRPGQSQCPRFNTCPEICWEGVYNDAFLIDRINWISAGVFLDSNQTAENPVFTVFKDNEILYRAQLASEDTNAQKTITNCFLLKNKIWCISLVEIYDTGDNVIRPKLFAVKIPEQCTHIVLEPIYWNSSNSKFLPGQGLVLYPQIGDKLDIICPKVDVGQYEYYKVYMVDKDQADRCTIKKENTPLLNCAKPDQDIKFTIKFQEFSPNLWGLEFQKNKDYYIISTSNGSLEGLDNQEGGVCQTRAMKILMKVGHH
A_B_b2_noPTM_A	ICLQKTSNQILKPKLISYTLGQSGTCITDPLLAMDEGYFAYSHLERIGSCSRGVSKQRIIGVGEVLDRGDEVPSLFMTNVWTPPNPNTVYHCSAVYNNEFYYVLCAVSTVGDPILNSTYWSGSLMMTRLAVKPKSNGGGYNQHQLALRSIEKGRYDKVMPYGPSGIKQGDTLYFPAVGFLVRTEFKYNDSNCPITKCQYSKPENCRLSMGIRPNSHYILRSGLLKYNLSDGENPKVVFIEISDQRLSIGSPSKIYDSLGQPVFYQASFSWDTMIKFGDVLTVNPLVVNWRNNTVISRPGQSQCPRFNTCPEICWEGVYNDAFLIDRINWISAGVFLDSNQTAENPVFTVFKDNEILYRAQLASEDTNAQKTITNCFLLKNKIWCISLVEIYDTGDNVIRPKLFAVKIPEQCTH
A_B_b2_noPTM_A_boltz2	ICLQKTSNQILKPKLISYTLGQSGTCITDPLLAMDEGYFAYSHLERIGSCSRGVSKQRIIGVGEVLDRGDEVPSLFMTNVWTPPNPNTVYHCSAVYNNEFYYVLCAVSTVGDPILNSTYWSGSLMMTRLAVKPKSNGGGYNQHQLALRSIEKGRYDKVMPYGPSGIKQGDTLYFPAVGFLVRTEFKYNDSNCPITKCQYSKPENCRLSMGIRPNSHYILRSGLLKYNLSDGENPKVVFIEISDQRLSIGSPSKIYDSLGQPVFYQASFSWDTMIKFGDVLTVNPLVVNWRNNTVISRPGQSQCPRFNTCPEICWEGVYNDAFLIDRINWISAGVFLDSNQTAENPVFTVFKDNEILYRAQLASEDTNAQKTITNCFLLKNKIWCISLVEIYDTGDNVIRPKLFAVKIPEQCTH
A_B_b3	EGVSNLVGLPNNICLQKTSNQILKPKLISYTLPVVGQSGTCITDPLLAMDEGYFAYSHLERIGSCSRGVSKQRIIGVGEVLDRGDEVPSLFMTNVWTPPNPNTVYHCSAVYNNEFYYVLCAVSTVGDPILNSTYWSGSLMMTRLAVKPKSNGGGYNQHQLALRSIEKGRYDKVMPYGPSGIKQGDTLYFPAVGFLVRTEFKYNDSNCPITKCQYSKPENCRLSMGIRPNSHYILRSGLLKYNLSDGENPKVVFIEISDQRLSIGSPSKIYDSLGQPVFYQASFSWDTMIKFGDVLTVNPLVVNWRNNTVISRPGQSQCPRFNTCPEICWEGVYNDAFLIDRINWISAGVFLDSNQTAENPVFTVFKDNEILYRAQLASEDTNAQKTITNCFLLKNKIWCISLVEIYDTGDNVIRPKLFAVKIPEQCTASLEPVYWNSANKRFQAEGGYVLYPQIGDRLDLLCPRARPPGPHSSPSYEFYKLYLVEGAQGRRCEAPPAPNLLLTCDRPDLDLRFTIKFQEYSPNLWGHEFRSHHDYYIIATSDGTREGLESLQGGVCLTRGMKVLLRVGQ
A_B_b3_noPTM	EGVSNLVGLPNNICLQKTSNQILKPKLISYTLPVVGQSGTCITDPLLAMDEGYFAYSHLERIGSCSRGVSKQRIIGVGEVLDRGDEVPSLFMTNVWTPPNPNTVYHCSAVYNNEFYYVLCAVSTVGDPILNSTYWSGSLMMTRLAVKPKSNGGGYNQHQLALRSIEKGRYDKVMPYGPSGIKQGDTLYFPAVGFLVRTEFKYNDSNCPITKCQYSKPENCRLSMGIRPNSHYILRSGLLKYNLSDGENPKVVFIEISDQRLSIGSPSKIYDSLGQPVFYQASFSWDTMIKFGDVLTVNPLVVNWRNNTVISRPGQSQCPRFNTCPEICWEGVYNDAFLIDRINWISAGVFLDSNQTAENPVFTVFKDNEILYRAQLASEDTNAQKTITNCFLLKNKIWCISLVEIYDTGDNVIRPKLFAVKIPEQCTASLEPVYWNSANKRFQAEGGYVLYPQIGDRLDLLCPRARPPGPHSSPSYEFYKLYLVEGAQGRRCEAPPAPNLLLTCDRPDLDLRFTIKFQEYSPNLWGHEFRSHHDYYIIATSDGTREGLESLQGGVCLTRGMKVLLRVGQ
b2	ICLQKTSNQILKPKLISYTLGQSGTCITDPLLAMDEGYFAYSHLERIGSCSRGVSKQRIIGVGEVLDRGDEVPSLFMTNVWTPPNPNTVYHCSAVYNNEFYYVLCAVSTVGDPILNSTYWSGSLMMTRLAVKPKSNGGGYNQHQLALRSIEKGRYDKVMPYGPSGIKQGDTLYFPAVGFLVRTEFKYNDSNCPITKCQYSKPENCRLSMGIRPNSHYILRSGLLKYNLSDGENPKVVFIEISDQRLSIGSPSKIYDSLGQPVFYQASFSWDTMIKFGDVLTVNPLVVNWRNNTVISRPGQSQCPRFNTCPEICWEGVYNDAFLIDRINWISAGVFLDSNQTAENPVFTVFKDNEILYRAQLASEDTNAQKTITNCFLLKNKIWCISLVEIYDTGDNVIRPKLFAVKIPEQCTHIVLEPIYWNSSNSKFLPGQGLVLYPQIGDKLDIICPKVDVGQYEYYKVYMVDKDQADRCTIKKENTPLLNCAKPDQDIKFTIKFQEFSPNLWGLEFQKNKDYYIISTSNGSLEGLDNQEGGVCQTRAMKILMKVGHH
b3	EGVSNLVGLPNNICLQKTSNQILKPKLISYTLPVVGQSGTCITDPLLAMDEGYFAYSHLERIGSCSRGVSKQRIIGVGEVLDRGDEVPSLFMTNVWTPPNPNTVYHCSAVYNNEFYYVLCAVSTVGDPILNSTYWSGSLMMTRLAVKPKSNGGGYNQHQLALRSIEKGRYDKVMPYGPSGIKQGDTLYFPAVGFLVRTEFKYNDSNCPITKCQYSKPENCRLSMGIRPNSHYILRSGLLKYNLSDGENPKVVFIEISDQRLSIGSPSKIYDSLGQPVFYQASFSWDTMIKFGDVLTVNPLVVNWRNNTVISRPGQSQCPRFNTCPEICWEGVYNDAFLIDRINWISAGVFLDSNQTAENPVFTVFKDNEILYRAQLASEDTNAQKTITNCFLLKNKIWCISLVEIYDTGDNVIRPKLFAVKIPEQCTASLEPVYWNSANKRFQAEGGYVLYPQIGDRLDLLCPRARPPGPHSSPSYEFYKLYLVEGAQGRRCEAPPAPNLLLTCDRPDLDLRFTIKFQEYSPNLWGHEFRSHHDYYIIATSDGTREGLESLQGGVCLTRGMKVLLRVGQEGVSNLVGLPNNICLQKTSNQILKPKLISYTLPVVGQSGTCITDPLLAMDEGYFAYSHLERIGSCSRGVSKQRIIGVGEVLDRGDEVPSLFMTNVWTPPNPNTVYHCSAVYNNEFYYVLCAVSTVGDPILNSTYWSGSLMMTRLAVKPKSNGGGYNQHQLALRSIEKGRYDKVMPYGPSGIKQGDTLYFPAVGFLVRTEFKYNDSNCPITKCQYSKPENCRLSMGIRPNSHYILRSGLLKYNLSDGENPKVVFIEISDQRLSIGSPSKIYDSLGQPVFYQASFSWDTMIKFGDVLTVNPLVVNWRNNTVISRPGQSQCPRFNTCPEICWEGVYNDAFLIDRINWISAGVFLDSNQTAENPVFTVFKDNEILYRAQLASEDTNAQKTITNCFLLKNKIWCISLVEIYDTGDNVIRPKLFAVKIPEQCTASLEPVYWNSANKRFQAEGGYVLYPQIGDRLDLLCPRARPPGPHSSPSYEFYKLYLVEGAQGRRCEAPPAPNLLLTCDRPDLDLRFTIKFQEYSPNLWGHEFRSHHDYYIIATSDGTREGLESLQGGVCLTRGMKVLLRVGQ
b3_A	EGVSNLVGLPNNICLQKTSNQILKPKLISYTLPVVGQSGTCITDPLLAMDEGYFAYSHLERIGSCSRGVSKQRIIGVGEVLDRGDEVPSLFMTNVWTPPNPNTVYHCSAVYNNEFYYVLCAVSTVGDPILNSTYWSGSLMMTRLAVKPKSNGGGYNQHQLALRSIEKGRYDKVMPYGPSGIKQGDTLYFPAVGFLVRTEFKYNDSNCPITKCQYSKPENCRLSMGIRPNSHYILRSGLLKYNLSDGENPKVVFIEISDQRLSIGSPSKIYDSLGQPVFYQASFSWDTMIKFGDVLTVNPLVVNWRNNTVISRPGQSQCPRFNTCPEICWEGVYNDAFLIDRINWISAGVFLDSNQTAENPVFTVFKDNEILYRAQLASEDTNAQKTITNCFLLKNKIWCISLVEIYDTGDNVIRPKLFAVKIPEQCTA
brca1	MDLSALRVEEVQNVINAMQKILECPICLELIKEPVSTKCDHIFCKFCMLKLLNQKKGPSQCPLCKNDITKRSLQESTRFSQLVEELLKIICAFQLDTGLEYANSYNFAKKENNSPEHLKDEVSIIQSMGYRNRAKRLLQSEPENPSLQETSLSVQLSNLGTVRTLRTKQRIQPQKTSVYIELGSDSSEDTVNKATYCSVGDQELLQITPQGTRDEISLDSAKKAACEFSETDVTNTEHHQPSNNDLNTTEKRAAERHPEKYQGEAASGCESETSVSEDCSGLSSQSDILTTQQRDTMQHNLIKLQQEMAELEAVLEQHGSQPSNSYPSIISDSSALEDLRNPEQSTSEKVLTSQKSSEYPISQNPEGLSADKFEVSADSSTSKNKEPGVERSSPSKCPSLDDRWYMHSCSGSLQNRNYPSQEELIKVVDVEEQQLEESGPHDLTETSYLPRQDLEGTPYLESGISLFSDDPESDPSEDRAPESARVGNIPSSTSALKVPQLKVAESAQSPAAAHTTDTAGYNAMEESVSREKPELTASTERVNKRMSMVVSGLTPEEFMLVYKFARKHHITLTNLITEETTHVVMKTDAEFVCERTLKYFLGIAGGKWVVSYFWVTQSIKERKMLNEHDFEVRGDVVNGRNHQGPKRARESQDRKIFRGLEICCYGPFTNMPTGCPPNCGCAARCLDRGQWLPCNWADV
diphtheria_A_mutoutside_1	GASNVIDESKSFVKENFSTYHGTKPGYVESILKGIQKPASGTQGNYDPDWKGFYSTDNPFLAATYSVDNSKPYSGPAGGVVKVTFPGKTRVLALKTDNPYLIKKELNLPLDKPLMEQVGTPEFIKKFGKGADTVVLSRPYAPGSSATEYLHNWDNAKKLKVELYKDFTAENLPGQDALYRFRAKECSXXXXXXXXXXXXXCIDLDWEKIRALTAETIAALRADPAVQAKLKTLPNKKVSEEEAIAYLVELCEVALQHPVLAKLREMMPTHPTFACENLAKLAADVASVVTPEIAADLEKLTQALSKLPGLGTVFGYSDGKMHFNTEELVAQSLALASLLVEAALPLVGELVDPEVATTNFVDAMLILYQHVAEYMNRPTLAPAHTTTPVTKDGYSVSWASAADRVIPTDFKGNITHNIKISADNIPLPIAGIIIPTLKGKLEVNTSRTHISVNGIPIRLTCSPIEGERVLCTPKAPVFVGDGINATLTVDYIRVSDAPLNPNDLKSKSIEVLGYLKKENGKWVHSKISLDLTISK
diphtheria_A_mutoutside_2	GPEKVIDKSKSFVKENFSTYHGTKPGYVESILKGIQKPASGTQGNYDPDWKGFYSTDNKFLAATYSVDNSNPYSGPAGGVVKVTFPGKTKVLALKTDNPYLIKKELNLSLDKPLMEQVGTPEFIKKFGDGADTVVLSRPYAPGSSATEYLHNWDNAKKLKVELEIDFTAENLPGQDALYKYRAKECTXXXXXXXXXXXXXCIDLDWEKIRKLTAETITALRADPAVQAALKTLPNKKVSEEEAKKYLVGLCEVALQHPVLANLAKMMPTHPTFACENLANLAVDVASVVTPEIAANLEKLMQALSKLPGLGTVFGYSDGKMWFNTEELVAQSLALASLLVEAALPLVGELVDPEVATTNFVDAMLILYQHVAEYMNRPTIEPEFTTEPVEKDGYKVAFYSEEDRIIYTDFKGNITHRIKISADNIPLPIAGIIIPTLKNKIEVNTSRTHISVNGIPIRLTCSPIENERVYCTPNAPVFVGDGINAILTIDYLRVSDEPLNPNELKSKTIEVLGYLKKENNKWVYSKISLELEIKK
diphtheria_A_mutoutside_3	GPEKVIDKSKSFVKENFSTYHGTKPGYVNSILNGIQKPASGTQGNYDPDWKGFYSTDNKFLAATYSVDNSNPYAGRAGGVVKVTFPGKTKVLALKTDNPYLIKKELNLSLDKPLMEQVGTEEFIKKFGDGASQVVLSRPYAPGSSATEYIHNWDKAKNLKVTLEKNFQAENLPGQDALYKYRAKECTXXXXXXXXXXXXXCIDLDWEKIRKLTAEIRTALRRDPAVQAALKTLPHKKVSEEDAKKYLVGLCEVALQHPVLANLAKMMPTHPTFACENLANLAVDVASVVTPEIAANLEKMMQALSKLPGLGTVFGYSDGKMWFNTEELVAQSLALASLLVEAALPLVGELVDPAVAETIFVDSMLILYQHVAEYMNRPTIDPEFKTTPVEKDGYKVAFYSEDDRIIYTDFKGNITHRIKISAENEPRPIAGIIIPTLKNKIEVNTSRTHISVNGIPIRLTCEPIENERVYCTPKAPVYVGDGINAILTIDYLRVSDEPLNENELKSKTIEVLGYLKKENNKWVYSKISLTLEIKK
diphtheria_A_mutoutside_4	GPEKVIDNSESFVEENFSTYHGTKPGYVNSILNGIQKPASGTQGNYDPDWKGFYSTDNKFLAATYSVDNNNPYAGRAGGVAKVTFPGKTKVLALKTDNPYLIKKELNLSLDKPLMEQVGTPAFISKFGDGASSVVLKRPYAPGSSGYEYIHNWDKAKNLKVTLEINFQAENLPGQEALYKYRARECTXXXXXXXXXXXXXCIDLNWTEIRKQTAALITALRRDPAVQAALKTLPHKKVSEEDAKKYLVGLCEVALQHPSLANLAKMMPTHKTFACENLAELAVDVASVVTPEIAKNLEKMMQALSKLGGLGTVFGYSDGKMWFNTEQLVAQSLALASLLVEAALPLVGEKVDPAVAEGIFVDSMLILYQHVAEYMNRPTIEPEFKTEPIEKDGYKVAFYSEDDRIIYTDFKGNITHRIKISSENEPRPIAGILIPTLPNLISVNTSRTFISVNGIRIRLTCTPIENEVVYCTPNAPVYVGDGINAILTIDYLRVSNEPLNENDLKSKKIVVLGYEKKENNKWTNVEISLTLEIKK
diphtheria_A_mutoutside_5	GPEKVIDNSESFVQTNFSTYHGTKPGYVNSILNGIQKPASGTQGNYDPDWKGFYSTDNKFLAATYAVDNNNPYAGRAGGVAKVTFPGKTKVLALKTSNPYLIKKELLLSLDKPLMEQVGTSGFISRFGDGASSVVLKRPYAPGSSGYEYIHNWDKAKNLTVTLEINFQAQNLPGQEALYQYRARECTXXXXXXXXXXXXXCLNLNWTEIRKQTAALITALRRDPAVQAAIKTLPHKKVSEKDAKKYLVGFCEVALQHPSLANLKKMMPTHKTFSCQNLAELAVDVASVVTPEIAKNLEKFMQELSKLGGLGTIFGYSDGKMWFNTEQLVAQSLALASLLVEAAMPLVGEKVDPAVAEGIFVDGMLILYQHVAEYMNRPTIEPEFKTEPIEKDGYKVAFYSEVDRVILTDFKGNQIHRIKISSENEPRPIAGILIPTLPNLISVNNSQTFISVNGIPIRLTCTPREGDVVYCVPNAPVYVGDGINAILTIDYLRVSNEPLNENDLASKKIVVLGYKKKEKNKWTYVEISLTLEIKK
diphtheria_A_mutoutside_6	GPESVIDNSESGVYTNATLYHGTKPGYVNSILNGIQQPASGTQGNYDDDWKGFYSTDNKFLAATYAVDNNNPFAGRAGGVAKVTFPGKTKILALKTSNPYEIKIALLLSLDKPLMEQVGTSGFISRFGDGASSVVLKRPYAPGSSGYEYIINWKKAKNLKVKLEINFQKQNMPGQEALYKYRARECMXXXXXXXXXXXXXCINLNYTEIRKQTAATITALRRDPAVQAAIKTLPHKKVSVNDAKKYLVGFVEVALQHPSLANLKKMMPTNKNFSPQNLAELAVDCASVVTPEIAKNLEKLMQELSTLGGLGTIFGYSNGKMWFNTEQIVAQSIALASLAVEAAMPLVGEKVDPAVAEGIFVDGVLILRQHVEEYMNRPTIEPEFQTEPIEKDGFKVAFYSEVDRVILTDFRGNQIHRIKISSENEPRPIAGILIPTLPELISVNNSQTFISVNGIPIRLTCTPIEGEKVYCVPNAPVYVGDGIHAILTIDYLRDSFEPLNENDLASKDIVVLGYKKKEKNKWTYVEISLTLVIRS
diphtheria_A_mutoutside_7	GGLSVINLSESGVTTNATLYHGTKPGYVNSILNGIQQPASGTQGNYDDDWKGFYSTDNKFLAATYAVDNNNPFAGRAGGVAKVTFPGKTKTLALKTRNPYEIKIALLLSLDIPLMEQVGTSGFISVFGDGASSVVLKRPYAPGSSGYEYIMNWKKAKNGKVKLEINFQKQNMPGQFALYHYRSRECMXXXXXXXXXXXXXCLDLNYEEIRKQTAAVITNLRRDPAVQAAIKTLPHKKVSVNDAKKYLVGLVEVALQHPSLANLKKMMPKNKNFSPQNLAELAVDCASVVTPEIAKNLEKMMQELSTLGGIGTIFGYSNGKMWFNTEQIVAQSLALASYLVEAAMPLVGEKVDPAVAEIIFVDSMLILRQHIEEYMNRPTIEPEFQMEPIEKDGFKVAWYSEVDRVILTDFRGNQIHRIKISSENEPRPIAGILIPTLPELISVNNSGTFIAVNGIPIRLTCTPIEGEKIYCVPNAPVYVGDGIHAILTIEYLRDSFEPLNENDLASHDVVVLGAKVKEKNKWTNVEIRLTFVVRS
diphtheria_A_mutoutside_8	IGLSVINLSESIVETNATLYHGTKPGYVNSILNGIQQPASGTQGNYDTDHKGFYSTDNKFLAAGYAVDNNNPFAGRAGGVAKVTFPGKTKILALKTRNPYMIKIALLLSLDIPLMEQVGTSGFISVFGDGASSVVLKRPYAPGSSGYEYIMNWKKAKNGMVKLEINFQKQNMPGRFALYHYKSRECMXXXXXXXXXXXXXCLDLNYEEIRKQTAAVMTNLRRDPAVQAAITTLPQKVVSENDAKKRLVGLVEVALQHPSLANWKKMMPKNKNFSPQNQAELAVQCASVVTPEIAKNLEKMMQTLSTLGGIGTIFGYSGGKMWFNTEQIVAQSLALCSYLVEAAMPLVGEKVDPAVAEIIFVDGMLILRQIIEEYMNRVTTEPEFQMEPIQKDGFEVAWYSEVDRVILTDFRGNQIHRIKISSEDEPRPIAGILIPTLPELISVNNSGTFIAVNGYRVRLTCTPIEGEKIYCVPNAPVYVADGIHAILTIEYLRDSFEPLNENDLASHDVVVLGDKVKEKNKWTYTEIRITFVVRS
diphtheria_A_mutoutside_9	IGLSVINLSESIVTTNATLYHGTKPGYTNSILNGIQQPANGTQGNYDTDHKGFYSTDNKFLAAGYAQDNNNPFAGRAGGVAKVTFPGKTKTLALKISNDYMIKIALLLSLDIPLMEQVGTSGFISVFGDGASSVVLTKPYAPGSSGKEYIMNWKKAKNGMVKLEINFQKQEMPGREAYYVYISRECMXXXXXXXXXXXXXCLNLNYEEIRKQTAAVMTNLRRDPAVQAATTTLPQKVVSVNDAKKRLVGLVEVALWHPSLANWRKMMPKNKNFSPQNQAELAVQCASVVTPEIAKNLEKLMQTLSTLGGIGTIFGYSGGKMWFNTEQIVAQSLALCSYLVEQAMPLVGEKVDPAVAEIIFTDGVLILRQHIEEYMNRVTLEPEFQMEPIQKDGFEVAWYSEVDRVILTDFRGSQIHRILISSEDEPRPVAGILIPTLPELISVNNSGTFIAINGYRVRLTCTPREGEKIYCVPNAPVYVADGIHGGLTIEVLRDSFEPLNENDLASHDVVVLGDKVKEKNKWRNVEIRITFVVRS
diphtheria_A_mutoutside_10	IGLSVINLSESIVTTNATLYHGTKLGYTNSILNGIQQPANGTQGNYDTDHKGFYSTDNKFLAAGYAQDNINPFAGRAQGVAKVTFPGKTRTLALKISNDYMIKIALLLSKDIPLMEQVGTSGFISVFGDGASSVVLTKSYAPGSSGKEYIMNWKKARYGMVKLEVNFQKQEMPGREAYYVYISRECMXXXXXXXXXXXXXCLNLNYEEIRKQTAQVMTNLRRYPAVQAETTTLPQKVVSVNDAKKRLVGLVEKILWHPSMINWKKMMPKNKNFSPQNQAELAVQCASVVTPEMAKNLEKMMETLSTLGGIGTIFGYSNGKMYFNTEQILAQSLATCSYLVEQAMPLVGEKVDPAVAEIIFTDGVLILRQINEEYMNRVTLITEFQMVPIQKDGFEVAMYSEVDRVILTDFRGSQIHRILISSEDEPRPVRGILIPTLPELISVNNSQTFIAINGYAVRLTCFPREGEKIYCVPFAPVYVAEGIHGGLTIEVLRDSFEPLNENELASHKVVVLGDKVKEKNKWRFVEISITFVIRS
diphtheria_A_mutoutside_11	IGLSVINLSESIVTTNATLYHGTKLGYTNSIQNGIQQPANGTQGNYDTDHKGFYSTDNKFLAAGYAQDNINRFAGRAQGVAKVTFPGKTRTLAHKISNDEMIKIALLLSKDIPLMEQVGTSGFISVFGDGASSVVLTKPYAPGNSGMEYIMNWKKARYGMVKLEVNFQKQEMPGREAYYVYISRECMXXXXXXXXXXXXXCLNLNYEPIRKQTAQVMTNLMRYPAVSAETTTLPQKVVSVNDAKKRLVGLVEKILWHPSMINWKKMMSKNKNFSPQNQAELAVECASLVNQAMAKNLEKLMETLSTVGGWGTTFGYFNGKMYFNTEQILAQSRATCSYLVRQAMPLVGEPVDPAVMEIIFTDGVLILQQINEEYMNRVTNITEFQMVPIQKDGFEVAMYSEVDRVILTDFRGSQIHRILISSEDEPRPVRGILIPTLPELISVNNSQTQIAINGYAVRFTCFHREGEKIYCVPFAPVYVARPIHGGLTIEVLRDSFEPLNENELASHKVVVLGGKLKEKNKWRFNEISITFVIRS
diphtheria_A_mutoutside_12	IGLSVINLGESIVTTNATLYHGTKLGYTNSIQNGIQQPANGTQGNYDTDHKGFYSTDNKFLAAGYAQDNINRFIQRRQGVAKVNFPGQTRTLAHKISNDEMIKIALLLSKDIPLMEQVGTSGFISVFGDGASSVVLTKSYAPGNSGMEHIMNWKKALYGMVKLEVNQQKQEMPGGHAYYVYISRCCMXXXXXXXXXXXXXCLNLNYEPIRKQTAQVMTNLMRYPAVSAETTTLKQKVVSVNDSKKRLAGLVEKILWHPSMINWKKMMSKNKNFSPQNQAELAVECASLVNQAMAKNEEKMMETLSTVGGWGTTFGYFNGTMYFNTEQIVAQSRATCSYLVRQAMTLVGEKVNPAVMEIIFTTSVIQLQQINEERMNRVTQITEFQMVPIQKDGFEVAMYSEVDRVILTDFRGSRIHRILISSETEPRPVRGILIPTLPELISVNNSQTQIAANQYATRFTCFHREREKIYCVPFAPVYVARPIHGGLCIEVLRDSFEPLNENELASHKVVVLGGKLKEKNKWRFNEISITFVIRS
diphtheria_A_mutoutside_13	IGLSVINLGESIVTTNATLYHGTKLGYTNSIQNGIQQPANGTQGNYDTDHKGFYSTRDKFLAAGYAQDNINRFIQRRQGVAKVNFPGQTRTLAHKISNDEMIKIALLLSKDIPLMEQVGTSGFISVFGDGASSVVLTKSYAPGNSGMEHIMNWKKALYGMVKLEVNQQKQEMPGGHAYYVYISRCCMXXXXXXXXXXXXXCKNLNYEPIRKQTAQVMTNLMRYPAVSAETTTLSQKVVSVNNSKLRLAGLVEKILWHPSMINWKKMMSKEKNFSPQNQAELAVECASLVNQAMAKNEEKMMETLSTVGGWGTTFGYFNGAMYFNTEQILAQSRATCSYLVRQAMTLVGEKVNPASMEIIFTTSVIQLDQINEERMNRVTQITEFQMVPIQADNFEIAMYSEVDRVILSDFRGSRIMRLLSSSETEPRPIRGILIPTLPELISVNNSQTQIAANQYATRFTCFHREREKIYCVPFAPVYVARPIHGGICIEVLRDSFEPLNENELASHKVVVLGGKLKEKNKWRFNYISITLVIRS
diphtheria_A_mutoutside_14	IGLSVINNGEYIVTTNATLYHGTKLGYTNSIQNGIQQPLNGTQGNYDTAHMGFYSTRPKFLAAGYAQDNINRFIQRRQGVAKVNFPGQTATRAHKISNDEMIKIALLLSKDIPLMAIVGTSGFISVFGDGASSVVLTKSQAPGNSGMEHIMNWKKALYGMDKLEVNQQKQEMPGGHAYYVYISRCCMXXXXXXXXXXXXXCLNLNYEPIRKQAAQVMTNLMRYPAVSAETTTLSHKVVWVNNSKLRLAGLVEKILWHPSMINWKKMMSKEKNVSSQNQAELASQCASLVNQAMSKNENKMMETLSTVGGWNTTFGYFNGAMYFNTEQILAQTRATCWYLVRQAMTLVGEKVNWASMEIIFTTSVIQLDHINPERMNRVTQITEFQMVRIQADNFEIAMYSEVDRVILSDFRGSRIMRLLSSPETGNRPIRGILIPTLPELISVNNSQTQIAANQYATRFTCTHRTREKIYCVPFAPVYLARPIHGGICIEVLRDSFEALNENTLASHKVVVLGGKGKWKNKWRFNYISITLVIRS
diphtheria_A_mutoutside_15	IGLSVINNGEYIVTTNATLYHGTKLGYTNSIQNGIQQPLNGTQGNYDTAHMGFYSTRPKFLAAGYAQDNINRFIQRRQGVAKVNFPGQTATRAHEIVNDEMRKIALLRTKDIPLMAIVGTSGFISVFGDRASSVVLTKSQAPGNSGMEHIMNWKKALYGMDKLELNQQKQEMPSGHAYYVAISRCCMXXXXXXXXXXXXXCLNLNYEPIRKQAAQVMTNLMRYPAVSACTTENKQTVVWINNSKLRIAGLVEKILWHKSMINWKKMMSKEKNVSSQNQAELPSQCASLVNNAMSKNENKHMETLSTVGGWNTTFGYFNGAMYFNNEQILAQTRATCWYLVRQNMTLVGEKVNWASMEIIFTTSVIILDHINPERMNRVTQITEFQMVRIQADNFEIAMYSEVDRVILSRFRGSRIMRLLSSPETGNRPIRGILIPTLPELISVNNSQTQIAANQYATRFTCTHRTRMKIYCVPFNPVYLARPIHGGICIEVLRDSFEALNENTLASHKVVVLCGKLKWKNKWRFNYISITFVIRS
diphtheria_A_mutconserved_1	GPEKVIDKSKSFVEENFSFYKGVVPGNVESILKGLKKPASGDKGSADPDWQGFYGTDDPFEAAEESVDPARPLAGPAGGVVKVTFPGKTKVLALKTENPYLIKKELNLPLDKPLMEQVGTPEFIKKFGNGAENVILKTPYAPGSTADRYLINWENAKKAKVELYKDFTAENLPGQDARYRFLAKRCSXXXXXXXXXXXXXCLDLDWREIRRLTAELRAALEADPAVQAKRKTLPNKPVSEEEAIAYLVEAAQVALQHPALAALAALQPTHPTFAPENLARLAADVASVVTPEIAADLEKLLAALSQLPGLGTLFGISDGKVWFNTEELVAQSLALAALLVEFALPLVGERVDPEVASTNFVDATLILLQHILEYYNRPTLDPEFKTEPVEKNGYKVAFYSEEDRVIPTDFKGNLTHRIKISADNVPLPIAGIILPTLPGRLAVNTTRTHISVNGIRIPLTCEPIEGERVLCRPKAPVFVGDGINAILTVDYLRTSDAPLDPNDLKSKTIEVLGYRYKENGEWVHSRISLELEVKP
diphtheria_A_mutconserved_2	GPEKVIDYSKSFVEENFSFYKGVVPGNVKSILEGLKKPASGDKGSADPDWQGFYGTDDPFEAAEESVDPARPLAGPAGGVVKVTFPGKTKVLALKTDNPYLIKKELKLPLDKPLMELVGTEEFIKKFGNGADHVILKRPYAIGSTADRYIIPWDKAKAAKVELYKDFTAEKLPGQDARFKFLSRRCKXXXXXXXXXXXXXCLDLDFVKIRELTAEIRAALEADPAVRAERATLPDKPVSEAEARAYLVRAAEVALEHPCLAALRALLPTHPVFAPSNLAALAVDVASVVTPAIAADLEKLLAALSQLPGLGTLFGIADGKVWFNTEELVAQSLALASLLVEFALPLVGERVDPAVASTNFVDATLILIQHILEYYNRPTIDPEFKTTPVEKNGYKVAFYSEEDQVIYTDFKGNITHRIKISADNVPLPIAGIILPTLPGRLAVNTTETSISVNGIRIPLTCEPIEGERVLCTPKAPVFVGKGINAILTVDYVRTSDAPLDPNDLKSKSIEVLGYRYKENGRWVNSRISLDLTVKP
diphtheria_A_mutconserved_3	GPEKVIDYSNSSVEENFSFYRGVVPGNVEAILEGVKKPASGDQGDADPDWQGFYGTDDPFEAAEESVDPARPLAGAAGGVVKLTFPGKTKILALKTDNPYLIKIELKLPLDKPLMELVGTEEFIQRFGNGAENVILKRPYAIGSNAARYIINWDKAKNLKVELYKDFTAEKLPGQDARFKFLSRRCKXXXXXXXXXXXXXCLDLDFVKIRELTREIRRALEAHPAVRAEFATLPHKPVSEAEARAYLVRVAEVALEHPCLAALRALLPTHPNFAPSNLAELAVDVASVVTPAIAADLEKLLAALSQLPNLGTLFGIYDGKVWFNTEELVAQSLALAELLVRAALPLVGEPVDPAVASTNFLDATLILIQHILEYYNRPTIDPNFKTTPVKSNGYEVAFYSADDQVIPLDFKGNLTHRIKINADNVPLPISGIILPTLKGRLAVNTTRTSISVNGIRISLTCEEIEGERVLCTPNAPVYVGKGINAILTVDYVRTSSAPLDANDLKSKSIEILGYRYKENGRWVNSRISLDLTYKP
diphtheria_A_mutconserved_4	GPEDVIDYENSFVEENFSFYRGVVPGNVEAILEGVKKPKSGTQGDDDPDWQGMWGTDNPFEAADESVDPADPLTAAAGGVVKLTFPGKTKILALKTDNPNLIKIQLKLPLDKPLMEQVGTEEFIQRFGEGAEHVILKRPLSIGSNAARYIINWDKAKNLQVELYKDFTAEKLPGQDARFKFLSRECEXXXXXXXXXXXXXCLSLDFVTIRKLTRTIRRELEQHAKVREAFAKLPDKPVSEAEARAYLVEVAEVALEHPCLANLRALLPTHPNFAPSNLAELAVDVANVVDPATAADLGKLGAALSQLPNLGTLFGIWDGKVWFNTEELVAESLALAELLVEAALPLVGQPVDRQVASDNFLDAVLLLIQHILEAYNRPTNDPNFKTVPVKKSGYEVAFRSAQDQVIPTDFEGDWEAEIKINADNVPLPISGIMIPTLKGRLAVNTTETHISINGRRVSLTCEEVEGERVLCTPNAPVYVGKGINATLTVDYVRTSKAPLKITDLKSKSIEILGYRVKENGQWKNVTISLDLQIKP
diphtheria_A_mutconserved_5	GPEDVINYENSFVEENFSFYRGVVPGNVEAILEGVKKPKLGTQGDDDVDFQGMWGTNDPFEAADESVDPADPLTAAAGGVVKLTFPGKTRILALKTDNPNLIKIQLKLPLDKPLSELIGTEETIQRFGEGAEHVILRRILSIGSNAARFLINHDKAKNLQVELHIDFTAAKLPGNDARFKYRSRRCGXXXXXXXXXXXXXCLDLDFVTIRKLTRTIRRDLEQRAKVREASKKLPDKPVSEAEARKILVEVAEVALEHPCLANLRALLPTNPNFATSNYAELAVDVANVVDPATAADLGKLGAALSQLPNLGTLFGIDNGKVWFNTEELVAESLALAELLVHFALPLVGQPVDRQVASDNFLDAVLGLIQHILDAYNRPTIDANFKTVPVKSKGYEVAFIEEQDKVIPTDFEGDWCARIKINADNVPLPISGIMIPTLPGRLAVNTTRTSISINGRRVSLTCEVAENDTVICTPNAPVYVGKGINGVLTIDYVRTSKDPLKITDLKSKKIEINGYVYKENGQWKHSTISLDLQIKP
diphtheria_A_mutconserved_6	QPEDVINYENSSVESNFSFYRGVVPGQVEAAREGVKKPKLGFQGDDDLDMQGMWGTNNPFEAAYESRDPADPLTALAGGVLKLTFPGKTKILTLKTENPNLIKIQLKLPLDKPLSELIGTEETIQRFGEGAAHVILRRIMSIGSNSARFLINHDKAKNLQVELHIDFTAAKLPLNYASFKYRSRWCQXXXXXXXXXXXXXCVSLDFVTILKLTRTMRRDLEQRAKVREESKKLPDKPVSVAEARKILVEVAEVALEHPCLANQRALLPTNPNFATSNYAELAVDVMNVVDRVTAADLGLLGAALSQLPNKGTLFGIDNGMVWFIHEESVAESLALAELLVHFALPLVGEPVDRQVASDVSVLAVLNLIMHIIDAYNRPTIDMNFKTVPVQSSGYEAAFIEEQDKVIYIDWEGDKCAEVKINAMNVPLPITGAMLTTMPGRIYVNSTETVIVINGRRVSLTCEVAENDTVICTPNAPVYVGKGINGVLKIDYVRTSKDPLKITDLKSKTIELNGYVYKQNSRWVHSTVSLHLQYKP
diphtheria_A_mutconserved_7	QPEDVINYENSSVESNFSFFRGVVHGQVEAAREGVKHPKLGFQGDDDLDMQRMWGTNCPHEAAYESDDPANPLTALAGGVLKLTFPGKLRILTFKTENPNLIKIQLKLPKDIPLSSLIGTEETIQRFGEGAAAVILRRIMSIGSNCARFGINHQKAKNLQVELHIDFTAAKSYLNTASFAYRSRYNQXXXXXXXXXXXXXSGSLNFDTILKMTRTMRDDLEQRAKVREESKKLPDKPVSVAVSRKILVAVADVTLEHPIFANQKALLPTNTNFATSNYAELAVDVMNVVDRVTAADLGLLGAALSQLPNKGTLFGIDCGMVWFIHEESVSESLAFAELLVHFALPLVGQPVDRQVASDVSVLAVLNLINHIIDYYNRPTIDMNFKTVPVQFKGYETAFIEEQDKEIHIDWEGDKCAEVKINAMNVPLPITGAMLTIMPGRIYVNSTETVIVINGVRVSLSCVVAENDTMICTPNAPVYVGKPINGVLKIDYVKTSKDPQKIHDFKSKFIELNGYVYKQNSRWVHSAVRLHLQCKV
diphtheria_A_mutconserved_8	QPEDVINYENSSVVSNFSFFRGVVHGQNEAAREGVKHPKLGFQGDDNLDMQRMWGVNCPTEAAYESDSPADPLTALAGGVLKLQFPGNLRILTFKTKNPNLIKIQLKLPKDIGLSALFGTEETIQRFHEGAAAVISRYIMSIGSNCARFNINHQKAKNLQVEMHIDQTAIKSYLNTASFAYRSRYNQXXXXXXXXXXXXXSGSLNFVTNLKMRRMMRDDLEQRAKVTEESKKLRMKISMVAVSRLERVAVATVTNEHPIFANWAALLPTNTNFTTSNYASLAVDVMNVKKRVTAQTLGLHGNAYRGLPNKGTLFGISCGMVWFIHEESLSEALSFAELLVHFANPLVGQPVDRQVASDVSVLAVLNLINHIIDYYNRPTNPMNFKTVPVQFPNYEASFIERQDKEIHIDWEGDKCARVKLNAMDVPLPITGMMDTGMPGRIYLNSHESVIVINGVRVSLSHVVAENDTWIRTPNAPVYVGKPINGVLIIDQVKTSKDPQKIHDFKSKFIELNGQVTKQNSRWVHDAVRLHLQCKV
diphtheria_A_mutconserved_9	QPEDVINYENSSVVSNSSFFRGVRHGQNEAAREGAGHSKLGFQKDDNLDMQRMWGVNCRTEAVYESDSQAGPLTALSTGVLKLQFPGNLRILTFKTKNPNLIKIQLKLPKDIGLSALIGTEETIQRFHEGAAHVISRYIMSIGSNCARFNINHQKAKNLQVEMTARQDAIKSYLNTASFATRSRYNQXXXXXXXXXXXXXSGSPNFVTNLYMRRMMRDDLEQRAKYTEESKKLRMDISMVAVSRLIRVAVATVTNEMPIFANWNALLPTNTNFTTSNYASRAVDVMNQKKRVTAQTLGLHGNVEMGNPNKRTYFGIQCGMVWFIHEESLSEAGSFAENLVHAANPLVGQPVDRQVASDVSVLNVLNLINHIIFMYNRPTLPMNYKTVLVQFPNYMTGFIERQDKEIHIDWEGDKCAEVKLNAMDVPLPITGMMDTGMPGRIYLNSHESVIVINGVRVSLSHVVAENDTWIRTPNAPVAQYKPIGGVLSIDQVKTKKDYQWIQDFKSKFIELNGQVTSQNSREIHDAVRLHLQCKV
diphtheria_A_mutconserved_10	QPEDVINYENSSTVSNSSFFPGGAHKLQEAAREGHGHSKLGFQKDDDLCMQRMWGVNCRTEAVYESDSQAGPLTALSTGVLKDQWPGTLHILTFKSKNPNLIYIQLKLPKDIGLSAVIGTEETIQRFHEGAAHVISRYIMSIGSNCARFNINHQKTKNLQVEMTARQDAIKSYLNTASFATRSRYNQXXXXXXXXXXXXXSGSLNFVTNLYMRRMMRDDEEQRAKVTEESKKLRMDISMVAVSRLIRRAVATVTNEMPIFANWQALLPTNTNFTTSVYAGRAVDVMNQKKRVTAQTLGMHGNVEIGNPNKRGYFGIQCGMVWFIHEESVSEAGSFAENLVHAANGLVGQPVDRQVKSDVSVLNVLWLINHIIFMYNRPTLPMNPLGVLVQFPNYMTSFIERQDKEIHIDWEKDKCAEVELNAMDVPLPITAMMDTGMPGRCYLNSHESVYVINGVLVSLPHVVAENDTWIRTPNAPIAQYKPIGGVLSIDQVKTKKDYQWIQDFKSKFIELNGQVTSQNSREIHDAVRLHLQCKV
1sgk_A	GADDVVDSSKSFVMENFSSYHGTKPGYVDSIQKGIQKPKSGTQGNYDDDWKGFYSTDNKYDAAGYSVDNENPLSGKAGGVVKVTYPGLTKVLALKVDNAETIKKELGLSLTEPLMEQVGTEEFIKRFGDGASRVVLSLPFAEGSSSVEYINNWEQAKALSVELEINFETRGKRGQDAMYEYMAQACASCINLDWDVIRDKTKTKIESLKEHGPIKNKMSESPNKTVSEEKAKQYLEEFHQTALEHPELSELKTVTGTNPVFAGANYAAWAVNVAQVIDSETADNLEKTTAALSILPGIGSVMGIADGAVHHNTEEIVAQSIALSSLMVAQAIPLVGELVDIGFAAYNFVESIINLFQVVHNSYNRPAYSPGHKTQPFLHDGYAVSWNTVEDSIIRTGFQGESGHDIKITAENTPLPIAGVLLPTIPGKLDVNKSKTHISVNGRKIRMRCRAIDGDVTFCRPKSPVYVGNGVHANLHVAFHRSSSEKIHSNEISSDSIGVLGYQKTVDHTKVNSKLSLFFEIKS
1f0l_A	GADDVVDSSKSFVMENFSSYHGTKPGYVDSIQKGIQKPKSGTQGNYDDDWKGFYSTDNKYDAAGYSVDNENPLSGKAGGVVKVTYPGLTKVLALKVDNAETIKKELGLSLTEPLMEQVGTEEFIKRFGDGASRVVLSLPFAEGSSSVEYINNWEQAKALSVELEINFETRGKRGQDAMYEYMAQACACINLDWDVIRDKTKTKIESLKEHGPIKNKMSESPNKTVSEEKAKQYLEEFHQTALEHPELSELKTVTGTNPVFAGANYAAWAVNVAQVIDSETADNLEKTTAALSILPGIGSVMGIADGAVHHNTEEIVAQSIALSSLMVAQAIPLVGELVDIGFAAYNFVESIINLFQVVHNSYNRPAYSPGHKTQPFLHDGYAVSWNTVEDSIIRTGFQGESGHDIKITAENTPLPIAGVLLPTIPGKLDVNKSKTHISVNGRKIRMRCRAIDGDVTFCRPKSPVYVGNGVHANLHVAFHRSSSEKIHSNEISSDSIGVLGYQKTVDHTKVNSKLSLFFEIKS
subtilisin_unbound	AQSVPYGVSQIKAPALHSQGYTGSNVKVAVIDSGIDSSHPDLKVAGGASMVPSETNPFQDNNSHGTHVAGTVAALNNSIGVLGVAPSASLYAVKVLGADGSGQYSWIINGIEWAIANNMDVINMSLGGPSGSAALKAAVDKAVASGVVVVAAAGNEGTSGSSSTVGYPGKYPSVIAVGAVDSSNQRASFSSVGPELDVMAPGVSIQSTLPGNKYGAYNGTSMASPHVAGAAALILSKHPNWTNTQVRSSLENTTTKLGDSFYYGKGLINVQAAAQ
cholix_catalytic_unbound	GSHMAVITPQGVTNWTYQELEATHQALTREGYVFVGYHGTNHVAAQTIVNRIAPVTENEEKWGGLYVATHAEVAHGYARIKEGTGEYGLPTRAERDARGVMLRVYIPRASLERFYRTNTPLENAEEHITQVIGHSLPLRNEAFTGPESAGGEDETVIGWDMAIHAVAIPSTIPGNAYEELAIDEEAVAKEQSISTKPPYKE
cholix_mutconserved_1	LNILTDCQTPCTLTPAPGKPVTLSLAIPSSVKLGEGYLVFDFIVNFPEAGTATITLNDHVTVKVTNTYVDANAPYGTITLDVTTPYGTTSYTRPKKTPKYRVRFIVPIGDRAPAFILVSVDELDENNNIVEVPTLYAVPVPCADLKNFRTSGTITVDVSTAGGGITIINPSIRYKALDPTGSWIDRYRFDTEGGILGLFVPWPEIFSNTELTLVAGNPFPISLTPGIKLEPIELLIPDPNGNSLATLAASLAAGVPLTELLPHCSPRPLTPELALARTAREIVDLFLATGILLSEWRKVENGETEDLTPEQRALWDRLLELEAEHPGLVRTVLRIARALYLEYRKRNPGLSDAEADAGARTANILSLYCPDPLKPCTSKNDENALLFRVGPSGRDYLPPGKAHITPQGVTGFTLADRNAVVEKLEKDGYVFVGYHGTNWAMARSLVNRIFPLPYGDDTPEQQKWQGLYVSVNPRVAHKTARMARGTGPGGEPTPAELAARGVMLDVFIPKECLKRYYKTDVPIKEAEELIEKVIGHPLPLKNEAFTGPIEKGGDYITIIGWEMAIHAVAIPSIIPGNTFEPIPIDEAAIAAVAPISKEPDWQEVE
cholix_mutconserved_10	LLTTKNMQEPRWNCPPPGDGYVQSILRDHGCNLQEGNDRFEQFENLPKSGTHIISLGQHITYKGVNYFQDNNWPFASLSIDVTTKYGRVDFRMMRKLSRILMRVHMPITEGSGTRWRCGFDQLNWNDYTTTVMTMFAVNIVIEVLIVTPKYVRISFWADQKNVAIQTIHPTIRIISLDVGFSRSTFCIGEDIGSCRGLFNVSPKGLRNVSAQLRSGIYYIAHFDGGIEDTTEEHIYPDETGNGLCTMEAHWLMGEAISDLELGAAPHTRTRQRQRGTEANTIVRIFVNTNIKIWKFQKVFRDDSPDLEERKSKQMQHLYELSHKNPCEVETCLLIMCNMHNRYRGVNPGLSPQAINTGAICANQATLWNRDKMVPNTMTHGENALYHHQSQQTRERLPRERVHDNHAGTSSLSFVKFQKMVNQNCADQWVHMGGHGTNGDLGYAQQGLVAESVKSFNYKREMRRQGLEVMVDMRVDWQTSMMSRVPEKNRGGLFPVIAHRGVVLGVQAPNNQRTKKYNSPKPYQKGSNKINDIGITNNMLKNDAWTAEINVGGKFKRQIGAQMYIHCMVIPSVVPLNEKQATQPDPQSINEVEIRIIDPKLVYRS
cholix_mutconserved_2	LNILTDCQTPCTLTPTPGKPITLSLAIDSSVNLGEGYLVFDMIVNFPEAGTATITLNDHVTVKVTNTYVDANAPFGTITLDVTTSRGTTSYTRPKKTPRYRIRVIVPIGPEAPAFWLVSVDELDENDNIVEVPTLYAVPVPCSVLNNWRTSGTITVDVSTAGGAITIINPSIRYKPLDPRGSWIDRYRWDTEGGILGLFVADPSIYSNTSLTLVAGNPKEITLTPGIERTPVELLFPDPNGNGLATLAASLVAGVPLSELLPHCSPRPLTPELALARLAREIVDLFLATGILLSEWRKVENDETEDLTPEQRALYQRLLELEAENPGLVRTVLRIARALYNQYRARNPGLSPAEADAGARTANILSLWCPDPLKPCTGTRPADALEFRVGPSGRDYLPPGRAHITPQGVTGFTLADRNAVVEQLEKDGYVFVGYHGTNWQMARALVNRIFPLPRGDDTPEEQKWQGLEVSVDPEVAHKTARMSRGTGPNGKPTPAELAARGVMLDVFIPKEQLKNYYKTDVPIKEAEELIEKIIGHPLPLKNEAFTGPIEKGGKYKTIIGYDMAIHAVAIPSIIPGNTYQPIPIDQAAIAAVAPISKEPDWVEQE
cholix_mutconserved_3	LNLLKDCQEPCTLKPKPGNPIVQSLAIDPSIQLGEGYLSFEMIVNFPEPGTATIKLNDHVTVKVTNYYVDANAPFGTITLDVTTSRGTTSFTRPLKTPRYAIRVIVPIGEDAPAFWLVSVDQLDANDNVTEVPTLYAVPVPCEVLQNWRSSGTISFDVSVPNSAITVINPSIRYKPLDPRGSRSQRYRGDTEGSIYGLFIEDPSILSNTSLQLVAGNPYPITLTPGITRTPIELLFPDPNGNGLATLAASLAAGVPLSDLLPWCAPRTLTPQLALARTAMEIVRLFIDTGILMSEWQKVFNDETEDLPPEKRALYQRLLELEAKNPGLVRTVLRIARALYNQYRARNPGLSPEEANTGAITANILSLWNPDPLKPTTATQPENALLFPVGPSGREYLPPGRAHITPAGVSGFTLADHNAVVEQLEKDGYVFVGYHGTNWDLARALVGRIFPLPYKDDTPEDQAWQGLEVSVDPEVAHKTARMSRGTGPNGKPTPAELAARGVMLDVYIPKSQLKKYYKTPVPIQEAKELIEKIIGHELPLKNEAFTGPIKKGGKFKTIIGYEMAIHGVVIPSIIPGNTFQPTPIDQAAIAAVAPIHKEPDWVEQE
cholix_mutconserved_4	LNLLKNCQEPCTLKPKPGNPIVQSLAIDPSIQLGEGYLCFDMVINFPESGTATITLNQHVTVKITNYYVDTNAPFATVTLDVTTSAGTTSFSSPLTTSRILLRVIVPIGEGSPAFWLVGVDQLDSNDNVTSVPTLYAVPVPCEVLQNWRSSGTISFNVDKENNAITVSHPHIRYKPLDPRGSRSTRWRGATSGSIYGLFISDPSILSNTSLQLVAGTPYEITLTPGITRTPIELLFPDPNGNGLATLAASRIAGVPLSDLMPWCAPRTLTRQLALAREAQTIVRLFINTEILMSEWQKVFNDDVEDLEPRKRELMQRLYELEAKNPGLVETVLRIARALYNQYRAVNPGLSPEEANTGAIGANILSLWNPDPLKPTTATQPANALLFPVGPSGREYLPRERVHITPAGVSGFSLADYQKVVEQLKADGYVFVGYHGTNWDLGRALVGLIFPLVKGDNTPEEQAWQGLEVSVDPEVAWKTSRMSRGTGKNGKPTPAELAARGVMLGVFIPASQLKKYYKSPIPIQEAKEKIEKIIGHELPLKNDAFTAPIKKGGKFKTIIGYEMAIHGVVIPSIVPGNTFQPTPIDTQSIKEVEPISKEPDWVEQE
cholix_mutconserved_5	LLLTKNCQEPCTLKPKPGNPIVQSLAIDPTIQLGEGYLHFEMVINFPESGTAIITLNQHVTVKITNYFVDTNAPFATVTLDVTTSYGRTDFSMPLTTSRIAMRVIVPIGEGSPTFWLVGVDQLDANDNVTTVPTLYAVNVPIEVLQNTPKSGTISFNVDKKNNAITVIHPHIRYQPLDERGSRSQRWIGATSGSIYGLFIEDPSILSNTSLQLIAGTPYTLTLTPGITRTTIELLFPDPNGNGLATLAASRIAGVPLSDLMPWRAPRTLTRQLQLAREAQTIVRLFINTNILMSEWQKVFNDDTQDLEPRKSKQMQHLYELEAKNPGLVETVLLIARNLYNQYRAVNPGLSPQEANTGAIGANILSLWNPDKLVPTTATQPENALLFPVGPSGREYLPRERVHITPAGVSSFSFADYQKMVEQLKADGYVFVGYHGTNWDLGRALVGLIFPLVKSANTKREQEFQGLEVMVDPEVAWKTSRMSRGTGKNGKATFAELAARGVMLGVFIPASQLTKYYKSPIPIQKAKEKINEIIGHELPLKNDAFTAPIKEGGKFKTIIGYQMAIHGVVIPSIVPGNTFQATPIDTQSINEVEPISKEPDFVEQE
cholix_mutconserved_6	LLLTKNCQEPCTLKPKPGNPIVQSILIDPTINLGEGYLRFEMVLNLPESGTGIITLGQHVTVKGTNYFVDNNAPFATLTLDVTTSYGRTDFSMPRKNSRIAMRVIMPIGEGSPTFWLVGVDQLNNNDEVTTVMTLFAVPVVIEVLINTPKYGTISFNADKKNVAIQVIHPHIRIQSLDERGSRSTRWIGASIGSCRGLFIEDPEILRNTSLQLISGTYYELHYKKGIERTTIELIYPDPTGNGLATMAAHWAMGVAISDLMPTRAPRTRTRQLQLATEAQTIVRIFINTNILMSEWQKVFNDDTQDLEERKSKQMQHLYELEHKNPGLVETVLLIARNLYNQYRAVNPGLSPQAANTGAIGANIASLWNYDKLKPNTMTQGANALLHHVSQSTREYLPRERVHITPAGVSSFSFDKYQKMVEQLRADGYVFVGYHGTNWDLGYALVGLIRPLVKSANTKREQEFQGLEVMVDPRVAWKTSRMSRGTGKNGKATFAEIAARGVMLGVFIPNSQLTKYYKSPIPIQKGKNKINDIIGHELMLKNDAWTAPIKEGGKFKTIIGYQMAIHGVVIPSVVPGNEFQATQPDEQSIAEVEPISIDPKFVYQE
cholix_mutconserved_7	LLLTKNCQEPCWNCPPPGNPIVQSILIDSGCNLQEGYLRFEMVLNLPESGTGIITLGQHVTVKGTNYFVDNNAPFATLSLDVTTSYGRTDFSMMRKSSRIAMRVIMPIGEGSPTFWLVGVDQLDWNDNTTTVMTLFAVNVVIEVLINTPKYGTISFNADRKNVAIQIIHPTIRIQSLDERGSRSTAWIGASIGSCRGLFIVSPKDLRNCSLQLRSGIYYELHYSKGIEDTTIELIYPDPTGNGLATMAAHWKMGVAISDLMPTRAPRTRTRQLQLATEAQTIVRIFINTNILMTDWQKVFRDDSQDLEERKSKQMQHLYELEHKNPGLVETTLLIARNMYNQYRAVNPGLSPQAANTGAIGANIASLWNYDKLKPNTMTQGANALLHHVSQQTRERLPRERVHITHAGVSSFSFDKFNKMVNQNRADGWTFIGYHGTNWDLGYALVGLIRELVKSFNTKREQEFQGLEVMVDPRVAWKTSRMSRGTGKNGKLTFPQIAARGVMLGVQAPNNQLTKFYMSPIPIQKGKNKINDIIGHELMLKNDAWTAPIKEGGKFKTIIGYQMAIHCIVIPSVVPGNEAQATQPDTQSINEVEIRSIDPKFVYQE
cholix_mutconserved_8	LLLTKNMQEPRVNCPPPGNPIVQSILIDHGCNLQEGNLRFEMFLNLPESGTGIITLGQHITVKGVNYFQDNNAPFASLSIDVTTSYGRTDFSMMRKLSRILMRVHMPIGEGSPTFWRVGVDQLDWNDNTTTVMTMFVVNIVIEVLIVTPKYVTISFNADRKNVAINIIHPTIRIQSLDERGSRSTAYIGESIGSCLGLFNVSPKDLRNCSLQLRSGIYYIAHFSKGIEDTTIEIIYPDPTGNGLATMAAHWLMGVAISDLMPTRAPRTRTRQRQRATEAQTIVRIFINTNILITDWQKVFRDDSQDLEERKSKQMQHLYELEHKNPCEVETTLLIMTNMYNRYRGVNPGLSPQAINTGAIGANQASLWNYDKMVPNTMTHGENALLHHVSQQTRERLPRERVHITHAGVSSLSFVKFQKMVNQNCADGWVHMGGHGTNGDLGYAQVGLIAESVKSFNTKREMERQGLEVMVDMRVDWQTSRCSRGCGKNGKLTFPQIAHRGVVLGVQAPNNQLTKWYMSPIPYQKGKNKINDIGGHNLMLKNDAWTAEIKVGGKFKTIIGAQMYIHCIVIPSVVPGNEAQATQPDTQSINEVEIRSIDPKFVYQS
cholix_mutconserved_9	LLLTKNMQEPRWNCPPPGNPIVQSILIDHGCNLQEGNLRFEQFENLPKSGTHIISLGQHITYKGVNYFQDNNAPFASLSIDVTTSYGRTDFSMMRKLSRILMRVHMPIGEGSGTFWRCGFDQLDWNDNTTTVMTMFAVNIVIEVLIVTPKYVRISFWADQKNVAIQIIHPTIRIQSLDVGGSRSTFCIGESIGSCLGLFNVSPKGLRNCSLQLRSGIYYIAHFSGGIEDTTIEHIYPDPTGNGLCTMEAHWLMGEAISDLMLGRAPHTRTRQRQRGTEANTIVRIFVNTNILITDWQKVFRDDSQDLEERKSKQMQHLYELEHKNPCEVETCLLIMCNMHNRYRGVNPGLSPQAINTGAICANQATLWNRDKMVPNTMTHGENALYHHVSQQTRERLPRERVHINHAGVSSLSFVKFQKMVNQNCADQWVHMGGHGTNGDLGYAQVGLVAESVKSFNYKREMERQGLEVMVDMRVDWQTSCMSRGCGKNGKLLFPQIAHRGVVLGVQAPNNQRTKIYNSPKPYQKGKNKINDIGGHNNMLKNDAWTAEIKVGGKFKRQIGAQMYIHCMVIPSVVPLNEAQATQPDPQSINEVEIRSIDPKLVYRS
cholix_mutoutside_1	LNILTDCQTPCTLTPAPGKPVTLSLAIPSSVKLTEGYLSFSLIVNFPEAGTATIKLNDHVTVKVTNTYVDANAPYGTITLDVTTPFGTKSYTKPKKTPKYAIRFIVPIGDTAPAFIKVSVDELDENNNITEVPVIYAVPVPCADLKSFRTNGTITVDVSTAGGGITISNPSILYKPLDPTGSLIDRYRFDTEGGILGLFVPWPEVFSNTELTLVAGNPQPISLTPGIALEPIELRIPDPNGNSLATLAASLVAGVPLTELLPHCSPRPLTPELELARLAREIVDLYLATGILLSEWRKVENDETEDLTPEQRALYDQLLELEKENPGLVRQVLRVARALYLDYRKRNPGLSDEELDAGARTADILSLYCPDPLRPCTSSNDEDSLLLRVGPSGRDYLPKNKAKITEKGVTGFTLADHRAVVAKLEADGYVFVGYHGTNWAAARTIVNRIAPVPRGDDTPEQQRWQGLYVAVNPRVAHKYARFKKGTGPGGKPTEAELKARGVMLDVFIPRECLARYYRTDVPLREAEALIEAVIGHPLPLRLEAFTGPLAPGGDYETIIGWDLAVHAVAIPSTIPGNTFEPIEIDEAAIAAEAPIHAEPPWQDVA
cholix_mutoutside_10	LNLTEMCVTTCIASPSPGNPVTYSLSVNPNQKLKDGFLHFDVVVDHPAQGTASLLLNDRVKVNVTNYYMNNDAPFGVLDVSVTTQEGTKDYSKPLLEAQYRFQTLVAIGEGSPANIKVGVIQDDGSNNWTEVPFIRTVNVPCQQLKSFKFTGTISLGMSERNGVITLKYPRIMYKPADPTGSNEIVWSGVDHVWIFGIFISNPKNSTNTTLRKVAGNPLVHALNSGNADRPIELLFDDTTGSGLANMSASILCGRPFAAGWPWCTPIPLTKPLQCFRDAKEIVDLFENTRILWSGWQKLFDNQTQILPPEERKLMIQLLIMEEEYPGRVEQVINVARWLYLTYQQNNPGLSHEELDEGASRASVLCLGCQDALAECVAVNPEGSLLFPAGPKGRSYLKINRSKITDYGIQNFTLAENQAIEAQLKKRGYLFVGYHGTNHQAAYTIVNQIAPVLRGVNTAEEQRWVGLYVAVNARVAINYARMKHGSGRGGSFTEKEKKARGVMLKVYLPESQREIYYFIPIPMHQATERINDIIGHPLPLRRAAMTGPRRQEGDTETIIGWTMAVHAVANPSVVVGNTAMKTKPDELAINAEKPYSEQPPWKEIE
cholix_mutoutside_11	LNLTEMCVTTCIASPSPGNPLTYSLSVNSNQKLKWGDLHFDVVVYHPAQGRASELLNDRVKVNVTHYYMNNRAPFGVLDVSVTTQEGTKDYSKPLLEAQYRIQTLAAIGEGSPINIKVGVIQDDGSNNWTEVPFLRTVNVPQQQLDSFKFTGTISLGMSERNGVITLKYPRIMYKPADPTGSNEIVWSGEDHVWKFGIFISNPKNSTHMTKRKVAGNPLVHAMNSGNADRPIELLFDDTTGSGLANMSASILCGRPFAAGWLTRTPIPLTKPLQCFRDAKEIVMLFENTRILWSGWQKLFDDQTQILPPEERNLMIQLHIMEMEYPGRFEQVINVARWLYLTYQQNNPGLSHEELDEGASRASVLCLGCQDALAECVAVNPKDSLLFPAGPKGRSYLKINRSKITMYQIQNFTLAENQAIEAQLKKRGYLFVGYHGTNHQAAYTIVNQIAPVLRGVNTAAEQRWVGLYVAVNARVAINYARMKHGSGRGGSFTEKEKKARGVMLKVYLPESQMEIKYSIPIPMHQSTNRINDIIGHPLPLRRAGMTGPRRQEGDTETIIGWTMAVHAVANPSVVVGNTAMKTKPDELAINAEKPYSEQPTSKGIR
cholix_mutoutside_12	LNLGEMFVTTKIACPSPGNPLTYGLPVPAWQKLKWGDLHFRVVVYHGAQGRASELLNDRVKVNVTHYYMNNRAPFGVLDVSVTTQHGTKDYSKPLLEAQYTEQTLAAIGEGSPINLKHGSIRDDGSNNWTEVPFCRTCNVPQQQKDSFKFTGTISLGMSERNGVITLKYTRIMYKPADPTGSNEIVTSGESHVWKFGIFISNPKNSTHMTTRKVIGNGLVHAMNSGNADRPWELLFDDTTGSGLANMSASILCGRPFEAGWLTRAPIPLTKPTQCFRDANEIVPLWENTRILPNGWQKLFDDQTQILPPEMRNLMIQLHIMEMGRPGRFEQVINVTWWLYLTYQQNNPGLSHEELTEGASRASVRCLGCQNALAECVCVNHKDSLLFPAGPKGRSTLKINRSKITMYQIQNFTLAENQAIEAQHKKRQYLFMGYHGTNHQAAYTIMNQIAPVLRGVNTAAEQRWVGLYVADNARVAINYAMMKHGSGRGGSFTEKESKARGVMLKVYLPESQREIKESIPGQMHGSTNRINDIFGHPKPLRRGGMTGPTRQEGDTETIIGWTMDVHAIANPSVVVGNTAMKTKPDELKINAEKPYSEQHTSKGIR
cholix_mutoutside_13	LNLGEMSVTTKIACPSPGNSVTYGLPKPAWQPLKWGDLIFRDVVYHGAQGRASELWNDRVKVNVTHYYMNNRAPFGVLDVSVTTQHGTKDYSKPLLEAQYTNQTLAAIGEGSPINQKWGSIRDDGSNNWTEVPFCRTCNVVEQQKDSFKFTGTISLGMSERNGVITLKYTRIMYKNAPPFGSNEIVTSGESHVWKFGIFISNPKNSQHMTTRKKIGNGLVHAMNSGNADRPWELTFDDTTGSGLANMSASILCGRPFEAGWLTRAPIRLTKPTQCFRDANEIVPLFENTRIMWNGWQKLFDDQTQILPPEMRNLMIQLHIMEMGRPGRFEQVINVTWWLYLTYQQNNPGLSHEELTEGASRASVRCLGCQNYLAECVCVDHKDSLLFPASYKGRSTLKINRSKINMYQIQNFQLAENQAIEAQHKKRQYLFMGYHGTNHQAAYTIMNMIAPVLRGVNTAAEQRWVGLYVADNARVAINYAMMKHGIGRGLSFTEKMSKHRGQMLKVYLPESQREIKEFIPGQMHGSTNRVNDIIGHPKPLRRLGMTGPTRQEGDTETIIGWTMDVHAIGNPSVVVQNTDMKTKPDSLKINAEKPYSEQHTSKGIR
cholix_mutoutside_14	LNLYEMIVGTKIACPSPGNSLTYGLPKPAWQPLKWGDLIFRDVVYHGAQRRASELWNDRVKVNVTHYYMNNRAPFGVLDTSVYTQEGTKDYRKPLLEAQYTNQTLAAAGEGSPINLKWGSIRDDGSNNGTMVPFCRTCNVVEQQKDSFKFTGTISLGMSERNGVITLKYTRIMYKNAPPFGSNEIVESGRSHVWKREIFISNPKNSQHMTTRKKIGEGLVHAMNSGNADRPWELTFDDTTGSGLCNMSASILCGRPFEAGWLGRAPIRMTKPTQCFRDANEIVPLFENARIMWNGWQKLFDDQTQILPPEMRNLMIQLHIMEMGRPGRFEQVINVTWWLHLTYQQNTPGLSHEELTEGASRASVRCLGCQNYLAECVCVDHKGSVLFPASYKGRSTQKINRSKRNMYQIQNLQLAENQAIEAQHKKRQYLFMGYHGTNHQAAQTIMNMIAPVLRGVNYGSEQRWVGLYVADNARVAINYAMMKHGIGRGLSFTEKMSKHRGDMLKVYLPESQREIKEFIPGQMHGSTNRVNDIIGHPKPLRRLGMTGPTRQEGDTETIIGWTMDVHAIGNGSVVVQNTDMKTKPDSLKINAEKPYSEQHTSKGIR
cholix_mutoutside_15	LNLYEMIVGTKIACPSPGNSVTYGLPKPHWQPLKWGDLHFRDVVYHGAQRRASELWNDRVKGNVTHYYMNNRAPFGVLDTSVYTQHGTVDYRKPLLEAQYTNQTLAAAGEGSPINLKWGSIRDDGSNNGTMVPFCRTCNVVEQQKDSFKFTGTISLGMSERNGVITCKYTRIMYKNAPPFGSNEIVESGRSHVWKREIFISGVKNSQHMTYRKKIIEGLVHAMNSGNYDRPWELTMDDTTGSGLCNMSASILCGRPFEAGWLGRAPIRMTKPTQCFRDANEIVPLFENARIMWNGWQKLFDNQTQILPPEMRNLMIQLHIMEMGRPGRFEQVINVTWWLHLTYQQNPPGLSHTELTEGASRASVRCCGCQNYLAECVCVCHKGSVLFPASYKGRSTQKINRSKRNMYQIQNLQLAELQWIEAQHTKRQYLFMGYHGTNHQAAQTIMNMIAPVLRGVNYGSEQRWVGLYVADEARVAINYAMMKHGIGRGLSFTEKMSKHRGDMLKVYLPESQREIKEFIPGQMHGSTNRHNDIIGHPKPLRRLGMTGPTQQEGYTETIIGWTMDVHAIGNGSVVVQNTDMKTKPDSLKINAVASYSRQHTSKGIR
cholix_mutoutside_2	LNILTDCQTPCTLSPSPGNPVTLSLSIPSSVKLTEGYLSFSLIVNFPESGTATIKLNNHVTVNVTNTYVNSDAPYGTITLSVTTPFGTKTYTKPKKTPKYAIRFIVPIGDTAPAFIKVSVDELDENNNITEVPVIYAVPVPCADLKSFKTNGTISVDVSTAGGGITISNPSILYKPLDPTGSLIDRYRFDTEGGIFGLFVPWPEVFSNTELTLVAGNPQPISLTPGIALEPIELRIPDPNGNGLATLAASIVAGVPLTELLPHCTPRPLTPELELARLAREIVDLFLATGILLSEWRKVENDETEDLTPEQRALYDQLLELEKENPGLVRQVLRVARALYLDYRKRNPGLSDEELDAGARTADILSLWCPDPLKPCTCTNCEDSLLLRHGPSGRSYLPKNKAKITEKGVTGFTLADHNAVVAKLEKDGYVFVGYHGTNWQAARTIVNRIAPVPRGDDTPEEQKWQGLYVAVNPRVAHKYARFKKGTGPGGKPTEAELKARGVMLDVYIPESCLERYYKTDVPLKEAEELIEKVIGHPLPLRNEAFTGPIEKGGDYETIIGWDMAVHAVAIPSTIPGNTYKPIEIDEAAIAAEAPIHKEPPWKEIE
cholix_mutoutside_3	LNILTDCQTTCTLTPSPGNPVTLSLSIPSNVKLTEGYLSFSLIVNHPAAGTATLTLNNHVKVEVTNTYVNADAPYGTITLSVTTPEGTKTYTKPKTTAKYAVRFIVPIGDTAPAFIKVSVDELDANNNVTAVPTIYAVPVPCADLKSFKTNGTISVDVSTAGSGITLSNPSILYKPADPTGSLLERWAFDTEGGILGLFISNPAVYTNTELTLVAGNPQAIALTPGIALTPIELLIPDPNGNGLATLAASIVCGVPLSALLPHCTPRPLTPELACARLAREIVDLFLATGILLSEWRKVFDDQTEDLTPEQRALYQQLLELEKENPGLVRQVLRVARALYLDYRKRNPGLSDEELDAGARTANILSLDCPDPLAPCVGTNPEDSLLLRHGPSGRSYLPPNRAKITAKGVTGFTLADRNAIVAQLKKDGYVFVGYHGTNWQAARTIVNRIAPVLRGNDTAEEQRWAGLYVAVNPRVAHNYARMKKGTGPGGKPTEAELAARGVMLAVFIPESQLERYYRTPVPLREAEALIEEVIGHPLPLRNEAFTGPIAPGGDYETIIGWDMAVHAVAIPSTIPGNTFKPTPIDEAAIAAEAPISAEPPWKEIE
cholix_mutoutside_4	LNILTDCQTTCTLSPSPGNPVTLSLSIPSNVKLTEGYLHFSLIVNHPASGTATLTLNNHVKVSVTNTYVNADAPFGTITLSVTTQEGTKDYTKPKTTAKYAVRFIVPIGDTSPAFIKVSVDELDANNNVTEVPTIYAVPVPCADLKSFKTTGTISVDVSTAGSGITLSNPSILYKPADPTGSLLERWSFDTEGGIFGLFIPWPEVYSNTELTLVAGNPQVITLTPGIAVRPIELRIPDPNGNGLATLAASIVCGVPLSALLPWCTPRPLTKELECARLAREIVDLFLATGILMSEWQKLFDDQTQDLTPEQRALYQQLLEMEKENPGLVEQVLRVARALYLDYRKRNPGLSDEELDERARRADILSLDCPDPLAPCVATNPEDSLLLRHGPSGRSYLPKNRSKITSKGVTGFTLAERNAIVAQLKKEGYVFVGYHGTNWQAARTIVNRIAPVLRGNDTAEEQRWAGLYVAVNPRVAHNYARMKKGSGEGGKPTEAEKAARGVMLAVFLPESCLERYYATPVPLTQATELIEAVIGHPLPLRREAMTGPIAPGGDTETIIGWDMAVHGVAIPSTIPGNTFEPTPIDEAAIAAEAPISAAPPWKEIA
cholix_mutoutside_5	LNILNDCQTTCTLSPSPGNPVTLSLSIPSNQKLTEGYLHFDVIVDHPASGTATLTLNNHVKVNVTNSYVNTDAPFGVIDVSVTTQEGTKTYSKPKTTAQYRVRFIVPIGETSPAFIKVGVIELDANNNATEVPTIYAVPVPCQQLKSFKTTGTISVDVSTAGSGITLKNPSILYKAADPTGSLEERWSFDTEGGIFGLFISNPAVYTNTTLTTVAGNPQVITLTPGIANRPIELLFPDPNGNGLANMSASIVCGVPLTELLPHCTPRPLTKRLECARKAREIVDLFLATGILMSEWQKLFDDQTQDLTPEQRALYQQLLEMEKEYPGLVEQVLRVARALYLDYRRRHPGLSDEELHEGASRANILCLDCPDPLAPCVATNPEDSLLLRHGPSGRSYLPRNRSKITSQGVQGFTLAEYNAIVAQLKKEGYVFVGYHGTNWQAAYTIVNRIAPVLRGNNTAEEQRWAGLYVAVNPRVAHNYARMKKGSGEGGKPTEAEKKARGVMLAVYLPESQLERFYATPVPLTQATALIEDVIGHPLPLRREAMTGPIAPGGDTETIIGWDMAVHGVAIPSTVPGNTFEPTPIDEAAIAAEAPVSAAPPWKEIA
cholix_mutoutside_6	LNILNDCQTTCTLSPSPGNPVTLSLSIPSNQKLTEGYLHFGVIVDHPASGTATLTLNNHVKVNVTNYYVNTDAPFGVIDVSVTTQEGTKTYSKPLLTAQYRVQFIAAIGETSPAFIKVGVIQLDGSNNATEVPTIYAVNVPCQQLKSFKTTGTISVDVSTAGSGITLKYPHIMYKAADPTGSNEERWSFDTEGGIFGLFISNPAVYTNTTLTLVAGNPQVITLTPGIANRPIELRFPDPNGNGLANMSASIICGVPLAELLPWCTPRRLTKRLECARKAKEIVDLFLATRILMSEWQKLFDDQTQDLTPEQRALYQQLLEMEKEYPGLVEQVLRVARALYLQYRQRHPGLSDEELDEGASRADILCLWCPDPLAPCVCVDPEDSLLLPAGPSGRSYLPRNRSKITKYGVQGFTLAEYKAIVDQLKKRGYVFVGYHGTNWQAAYTIVNRIAPVLRGNNTAEEQRWAGLYVAVNARVAHNYARMKKGSGEGGQPTEAEKKARGVMLAVYLPESQLERFYATPVPLTQATALIEDVIGHPLPLRREAMTGPIAQGGDTETIIGWDMAVHGVAIPSVVPGNTFEPTPIDELAIAAEAPYSAQPPWKEIA
cholix_mutoutside_7	LNILNDCQTTCTLSPSPGNPVTLSLSVDSNQKLTEGYLHFGVIVDHPASGTATLTLNNHVKVNVTNYYVNNDAPFGVIDVSVTTQEGTKTYSKPLLTAQYRFQTIVAIGEGSPAFIKVGVIQLNGSNEATEVPTIYAVPVPCQQLKSFKTTGTISVDVSTAGSGITLKYPHIMYKPTDPTGSNEIKWSGDTEGWIFGLFISNPKNYTNTTLRKVAGNPQVITLKSGNADRPIELRIPDTNGNGLATMSASIICGVPISALLPRCTPIPLTKPLECARKAKEIVDLFLATRILMSDWQKLFDNQTQDLTPEQRALYQQLLEMEKEYPGLVEQVIRVARALYLQYRQRHPGLSDEELDEGASRADILCLDCQDALAPCVCVNPEDSLLFPAGPKGRSYLPINRSKITKYGVQNFTLAEYKAIVDQLKKRGYVFVGYHGTNHQAAYTIVNQIAPVLRGNNTAEEQRWAGLYVAVNARVAINYARYKKGSGEGGQPTEAEKKARGVMLAVYLPESQLERFYSIPIPLTQATERINDIIGHPLPLRREAVTGPIRQGGDTETIIGWDMAVHAVAIPSVVPGNTFMPTPPDELAIAAEKPYSAQPPWKEIE
cholix_mutoutside_8	LNLTEMCQTTCIASPSPGNPVTYSLSVPSNQKLTEGFLHFGVIVDHPAQGTASLLLNDRVKVNVTNYYVNNDAPFGVIDVSVTTQEGTKDYSKPLLTAQYRFQTIVAIGEGSPANIKVGVIQLNGSNEATEVPTIRTVNVPCQQLKSFKFTGTISLGVSERNSGITLKYPHIMYKPTDPTGSNEIKWSGVSHGWIFGLFISNPKNYTNTTLRKVAGNPQVITLKSGNADRPIELLIPDTNGNGLATMSASIICGRPIAALLPTCTPIPLTKPLKCARTAKEIVDLFLNTRILMSGWQKLFDDQTQDLPPEQRALMQQLLEMEEEYPGLVEQVINVARALYLQYKQNHPGLSDEELDEGASRANILCLDCQDALAPCVAVNPEDSLLFPAGPKGRSYLPINRSKITDYGVQNFTLAEYKAIVDQLKKRGYVFVGYHGTNHQAAYTIVNQIAPVLRGNNTAEEQRWAGLYVAVNARVAINYARMKHGSGRGGQPTEKEKKARGVMLAVYLPESQLERYYFIPIPMTQATERINDIIGHPLPLRREAMTGPRRQGGDTETIIGWDMAVHAVAIPSVVVGNTFMPTKPDELAINAEKPYSEQPTWKEIE
cholix_mutoutside_9	LNLTEMCQTTCIAQPSPGNPVTYSLSVNSNIKLKEGFLHFDVIVDHPAQGTASLLLNDRVKVNVTNYYMNNDAPFGVLDVSVTTQEGTKDYSKPLLTAQYRFQTLVAIGEGSPANIKVGVIQLDGSNNATEVPTIRTVNVPCQQLKSFKFTGTISLGMSERNGGITLKYPHIMYKPTDPTGSNEIKWSGVDHGWIFGLFISNPKNYTNTTLRKVAGNPQVIALTSGNADRPIELIFDDTNGSGLANMSASIICGRPFAALEPWCTPIPLTKPLKCARTAKEIVDLFENTRILWSGWQKLFDNQTQILPEEERKLMIQLLEMEEEYPGLVEQVINVARWLYLTYQQNNPGLSDEELDEGASRASVRCLDCQDALAECVCVDCEDSLLFPAGPKGRSYLKINRSKITDYGVQNFTLAEYQAIVDQLKKRGYLFVGYHGTNHQAAYTIVNQIAPVLRGVNTAEEQRWAGLYVAVNARVAINYARMKHGSGRGGQPTEKEKKARGVMLAVYLPESQRENYYFIPIPMTQATERINDIIGHPLPLRRAAMTGPRRQGGDTETIIGWTMAVHAVAIPSVVVGNTFMKTKPDELAINAEKPYSEQPPWKEIE
cholix_catalytic_mutoutside_1	TDGKPVITPTGVTNWTLEDYKKTVEALKKEGYVFIGYHGTDWQTAKKLVEKIEPPTAVEGPWGGLYVATDPTVAHKYSRIATGTGPGGAPTPAELAARGVMLDVFIPKEHLAKYYATDTPLKKAEAEIKKVIGHDLPLRDEAITGPIAEGGPYETRIGWEMAIHAVAIPSIIPGNTFNPIPIDEAAVKATAPIHKAPPLVK
cholix_catalytic_mutoutside_2	TDGKPVITPTGVTNWTLDDYKKTVKALEKEGYVFVGYHGTDWKTAKKLVEKIEPRAAVEGRWGGLYVAVDPKVAHKYSRVKKGTGPGGAPTPAEKAARGVMLDVFIPKEHLKRYYATKTPLKKAEAEIEKVIGHPLPLRDEAWTGPIAEGGPYETRIGWEMAIHAVAIPSIIPGNTFNPIPIDEEAVKATAPIHKAPPRVE
cholix_catalytic_mutoutside_3	TDGKPVITPTGVTNWTLDDYKKTRKALEKEGYVFVGYHGTDWQTAKKLVEKIEPRAAVEGRWGGLYVAVDPKVAHKYSRVKTGTGPGGAPTPAEKAARGVMLEVFIPKEDLKTYYETDIPLKKAEKLIEKVIGHPLPLRDEAIRGPIAEGGPYETRIGWERAIHAVAIPSIIPGNTFSPIPIDEEAVKAVAPITKAPPAVK
cholix_catalytic_mutoutside_4	GDGTPVITSTGVTNWSLDDYKKTRKALEKEGYVFVGYHGTDWQTAKKLVEKIEPRAAVEGRWGGLYVAVDPKVAHKYSRVKTGTGPNGAPTAAEKAARGVMLEVFIPKEDLATYYETDIPLKDAEALIEKVIGHPLPLRDEAIRGPIAEGGPYETRIGWERAIHAVAIPSIIPGNTFSPIPIDEEAVKAVAPITKAPPAVK
cholix_catalytic_mutoutside_5	GDGTPVITSNGVTNWSLDDYEKTRKALEKEGYVFVGYHGTDWQTAKKLVEKIRPNAAVEDRWGGLYVATDPKVAHKYSRVKTGTGPNGAPTAAQKAARGVMLEVFIPKKHLEKWYKTNIPLKDAEALIEKVIGHPLPLRDEAWTGPIAEGGPYETRIGWEMAIHAVAIPSIIPGNTFSPIPIDEKAVKAIAPLTKAPPAVS
cholix_catalytic_mutoutside_6	GDGTPVITSNGVTNWSLDDYEKTKKALEKEGYVFVGYHGTDWKTAQKLVEKIRPNAAVEDRDGGLYVATDPKVAHAYSRVKTGTGPNGQPTEAQKKARGVMLEVFIPKKDLETWYETNIPLTKAEKLIEKTIGHPLPLRDEAWTGPIAEGGPKETRIGWERAIHAVAIPSVIPGNTFSPIPIDEKAVKAIAPLTKAPPAVS
cholix_catalytic_mutoutside_7	GDGTPVITSNGVTNWSLDEHEQTVKALEKEGYVFVGYHGTDWKTAQKLVAKIRPNARVEDRDGGLYVATDPKVAHDYSRVKLGTGPNGQPTRAQKKARGVMLEVFIPKKDLENWYETNIPLTKAEKLIEKTIGHSLPLRDNAWRGPIAEGGPYEMRIGWERAIHAVAIPSVIPGNTFSPLPIDEKAVKAIAPLTKAPPAVN
cholix_catalytic_mutoutside_8	MDGTPVITSNGVENWSLDEHEQTVKALEKEGYVFVGYHGTDWKTAQKLVAKIRPNARVEDRDGGLYVATEPKVAHDYSRVKLGTGPAGQPTRAQKKARGVMLEVFIPKKDLENWYETNLPLTKAEKLIEKTIGHSLPLRDNAWRGVIAEGGPYEMRIGWERSIHAVAIPSVIPGNTFSQLPIDEKAVKAIAPLTKAPPAVN
cholix_catalytic_mutoutside_9	MDGTPVITSNGVENWSLDEHEQTVKALEKEGYVFVGYHGTDWKTAQKLIAKIRPNARVETRDGGLYVATEVKVAHWYSRVKLGTGPAGQPTRAQKKARGVMLEVFTPAKELANWYETNLPLTKSWSLIEKTIGHSLPLRDNAWRGVIAEGGPYEMRIGWERSIHAVAIPSVIPGNTFSQLPIDEEKVKAIAPLRKAPPAVN
cholix_catalytic_mutoutside_10	MDGTPVITSNGVEKWSIDEHEQTIKALEKEGYVFVGYHGEDWGTAQKLINKIRPNARVETRDGGLYVATEVKVAHWYSRVKLGTGPAGQPTRSQKKARGVMLEVFTPAKELDNWYETNLPLTDSWSLIEKTIGHSLPLRDNAWRGVIHEGGPYEMRIGWERSIHAVAIPSVIPGNRFSQLPIDEEKVKQIAPWRKAPPAVN
cholix_catalytic_mutoutside_11	MDGTPVITSNGVEKWSIDEHEQTIKALEKEGYVFVGYHGEDWGTSQKLINKIRPNARWETRDGGLYVATEVKVAHWYSRVKLGTGPAGQPTRSQKKARGVMLEVFTPAKENLNWYETNLPLTDSWSLIEKTQGHSLPLRDNAWRGVIHEGGPYEMRIGWERSIHAVAIASVIPGNRFSQLPIDEEKVKQIAPWRKAPPAVN
cholix_catalytic_mutoutside_12	MDGTPVITSNGVEKWSIDEHEQTIKALEKEGYVFVGYHGEDWGTSQKLINKIRPNARWETRDGGLYVATEVKVAHWYSRVKLGTGPAGQPTRSQYKARGVMLEVFTPAKENLNWYETNLPLTDSWSLIEKTQGHSLPLRDNAWRGVIHEGGPYEMRIGWERSIHAVAIASVIPGNRFSQWEIDEEKVKQIEPWRKAPPAVN
cholix_catalytic_mutoutside_13	MDGTPVITSNGVEHWSIDEHEQTIKALEKEGYVFVGYHGEDWGTSQKLINKLRPNARWETRDGGLYVATEVKVAHWYSRVKLGTGPAGQPTRSQYKARGVHLEVFTPAKENLNWYETNLPLTDSWSLIEKTQGHSLPLRDNAWRGVIHWGGPYEMRIGWERSIHAVAIASVIPGNRFSQWEIDEEKRIQIRPWRKAPPAVN
cholix_catalytic_mutoutside_14	MDGTPVITSNGTAGWSIDEHEQTIKALLHEGYVFVGYHGEDWGLSGKAGNKLRPNARWETRDGGVYVATEVKVAHWYSRVKLGTGPAGQPTRSQYKARGVHSEYFTPACENYNWYETNLPLTDSWSLIEKTQGHSLPLRDNGWRGVMHWGGPYEMRRGWEQSIHAVFIHSVIPGNRFSQWEDDLEKRIQIRPWRKAPPAVN
cholix_catalytic_mutoutside_15	MDGTPVITSNGTAGWSIDEHEQTIKALEHEGYVWVGYHGEDWGLSGKAGNKLRHNARWETRDEGVYVATEVKVAYWYSRVKLGTGPAGQPTRSQDKAIGRHSEYMTPACENYNWIETNLPLTDSWSLREKLQGFSMPSRRNGWRGVIHWGGPYEMRRGWEQSIHAVNIHSVIEGNRFSQMEDDLKQRIQIRPWRKAPPAVN
cholix_catalytic_mutconserved_1	SDNKPVITPTGVTNFTLEDYKKIVEELKKEGYVFIGYHGTDYETAKKLVEKIEPPTPVGGRWSGLRVSVDPTVAHRTSRIATGTGPGGAPTPAELAARGVMLDVFIPKEALAKYYATDTPLSQAEAEIEAVVGHPLPLKDEAITGPESPGGPDVTIIGWDLAVKAKAIPSIIPGNTYNPIPIDEAAVKAVAPYHKAPERVA
cholix_catalytic_mutconserved_2	TDGKPVITATGVTNWTLADYKKRVEELKKEGYVFIGYHGTDWKTAKKLVERIEPPTSVVGRWGGLRVSINPEVAHRYSRIAKGTGPGGKPTPEELAARGVMLDVYIPKEALAKYYATSIPLSQAEPEIEAIVGHPLPLRDEAIRGPESPGGEYVTIIGWDLAVKCKAIPSIIPGNTFNPIPIDEAAVAAIAPYTKAPEVVA
cholix_catalytic_mutconserved_3	TDGRPVITATGVSNWTLADYKKRREELKKQGYVFIGYHGTDWQTAKKLVERIEPRHSVVGRWGGLYVYINPTVAHRYSRIAQGTGPNGKPTPEELAARGVMLDVYIPKEALARYFETSIPLSEAEPEIEAIVGHPLPLRDEAIRGPESPGGEYRTLVGWELAVKCKAIPSIIPGNTYNPIPIDASAVAAIADLTKAPEVVA
cholix_catalytic_mutconserved_4	TDGRPVITAKGVSNLTMADYVKRREELKKQGYTFIGFHGCDWQTAKKLVERIEKRHSVVGRWGGLNVYINPTVAHRESRIAQGTGPNGVPTPEELAARGVILDVYIPKEELARYFETSIPLSEAEPEIQAIVGHPLPLRSEAIRGPQSPGGEFRTVVGWGLAVKCKAIESIIPGNTYNPIPIDASKVAAIAPLTKAPETVA
cholix_catalytic_mutconserved_5	TDGRPKVTAKGVSDLTMADYVKRREELKKQGYTFIGFHGCSWQNAKKLIERIEKKHSVVGRHGGLNVYINPTVAWRESRIAQGTGPHGVPTREELAARGVMLDVYIPQEELARYFETSIPLSEADPIIQAIVGHPLPLRSEAIRGPQSPGGEFRTVVGWGLAVKCKATESIIPGNLYNPQPLDASKVAAIADLTKAPKTVA
cholix_catalytic_mutconserved_6	TDGRPKVTAKGVSDLTMADYVTQREELQKQGYTFIGFHGCSWQKAKELLERIKKDHSIVGRHGGLNVYINVTQAWRESRIAQGTGPHGVPTREELKARGVILNVYIPQEELARYFETSLPLSEAEPIIQAIVGRPLPLRSEAIRGPQSPGGGFRTVVGWGVAVKCKATESIIPGNLHNPQPLDASKNAAIADLTKAPKTVA
cholix_catalytic_mutconserved_7	MDLRPKVTAKGVSDLTMADYVTNRLDLQKQGYTFIGFHGCSSNNAKELLERIKKKHSIVGRHGGLNVYINVAQAWRESRIAQGTGWHGVPTREELKARGVILNVYIPQEELRRYFETSLPLTEAEPIIQAIVGRPLPLRSEHIRGPQSPGGGFRTVVGWGVAVKCKATESIIPGNLHNPQPLDASKNASIADLTKAPKTVA
cholix_catalytic_mutconserved_8	MDLRPKVSAKEGSHLTMADCVTNRLDLQHQGYTNIGFEMCSSNNARELLERTTKDHSSVPRHGGLNTFINVAQAWRESRINQGNGWVGVPTREELKARGVIRNRYIPAEENNQYFETSLPLTEAEPIIQAIVGYPLPMRSSHIRGQQSPGGGFRKNVGWGVAVKGKNTESICPGKLHNPQPLDASKNASIRDLTKAPKTVA
cholix_catalytic_mutconserved_9	MDVRPKVSAKEGSHLTMADCVWQRLDTQHQGYTNIGFEMCSSNNARELLERTTKDHSSVPRHGGLNTFINVAQAWRESRINYGNGWVNVPTREEWKGRGVIRNRYIPGEENYQYFETSLPLTEAEPIIQAIVGYPLPMRSSHIRGQQWPGGGFRKNVGWGVASKGKNTESICPGKLHNPQPLDASKNASIRQLTKAPKTVA
cholix_catalytic_mutconserved_10	MDVRGGVSAKEGSGLTMADCVWNRLDTQHQGYTNIGFEMCSSNNNNEDLERTTKDHSSVPRHGVLNTFINVAQAWRESRINYGNGWVNVPTREKWKGRGVIRNRYHWGEENYQYFEGNLPLTESEPIIKAIVGYPLPMRSGHYRGQQWPWGGFRKNVTWGVASKGNNTESICIGKLHNPQPLDASKNASIRQLTKAPKTVA
